This is pdfTeX, Version 3.141592653-2.6-1.40.29 (TeX Live 2026) (preloaded format=pdflatex 2026.3.21)  5 SEP 2026 11:39
entering extended mode
 restricted \write18 enabled.
 %&-line parsing enabled.
**tsfm_fisher.tex
(./tsfm_fisher.tex
LaTeX2e <2025-11-01>
L3 programming layer <2026-01-19>
(/usr/local/texlive/2026/texmf-dist/tex/latex/base/article.cls
Document Class: article 2025/01/22 v1.4n Standard LaTeX document class
(/usr/local/texlive/2026/texmf-dist/tex/latex/base/size10.clo
File: size10.clo 2025/01/22 v1.4n Standard LaTeX file (size option)
)
\c@part=\count275
\c@section=\count276
\c@subsection=\count277
\c@subsubsection=\count278
\c@paragraph=\count279
\c@subparagraph=\count280
\c@figure=\count281
\c@table=\count282
\abovecaptionskip=\skip49
\belowcaptionskip=\skip50
\bibindent=\dimen148
)
(/usr/local/texlive/2026/texmf-dist/tex/latex/geometry/geometry.sty
Package: geometry 2020/01/02 v5.9 Page Geometry

(/usr/local/texlive/2026/texmf-dist/tex/latex/graphics/keyval.sty
Package: keyval 2022/05/29 v1.15 key=value parser (DPC)
\KV@toks@=\toks17
)
(/usr/local/texlive/2026/texmf-dist/tex/generic/iftex/ifvtex.sty
Package: ifvtex 2019/10/25 v1.7 ifvtex legacy package. Use iftex instead.

(/usr/local/texlive/2026/texmf-dist/tex/generic/iftex/iftex.sty
Package: iftex 2024/12/12 v1.0g TeX engine tests
))
\Gm@cnth=\count283
\Gm@cntv=\count284
\c@Gm@tempcnt=\count285
\Gm@bindingoffset=\dimen149
\Gm@wd@mp=\dimen150
\Gm@odd@mp=\dimen151
\Gm@even@mp=\dimen152
\Gm@layoutwidth=\dimen153
\Gm@layoutheight=\dimen154
\Gm@layouthoffset=\dimen155
\Gm@layoutvoffset=\dimen156
\Gm@dimlist=\toks18
)
(/usr/local/texlive/2026/texmf-dist/tex/latex/amsmath/amsmath.sty
Package: amsmath 2025/07/09 v2.17z AMS math features
\@mathmargin=\skip51

For additional information on amsmath, use the `?' option.
(/usr/local/texlive/2026/texmf-dist/tex/latex/amsmath/amstext.sty
Package: amstext 2024/11/17 v2.01 AMS text

(/usr/local/texlive/2026/texmf-dist/tex/latex/amsmath/amsgen.sty
File: amsgen.sty 1999/11/30 v2.0 generic functions
\@emptytoks=\toks19
\ex@=\dimen157
))
(/usr/local/texlive/2026/texmf-dist/tex/latex/amsmath/amsbsy.sty
Package: amsbsy 1999/11/29 v1.2d Bold Symbols
\pmbraise@=\dimen158
)
(/usr/local/texlive/2026/texmf-dist/tex/latex/amsmath/amsopn.sty
Package: amsopn 2022/04/08 v2.04 operator names
)
\inf@bad=\count286
LaTeX Info: Redefining \frac on input line 233.
\uproot@=\count287
\leftroot@=\count288
LaTeX Info: Redefining \overline on input line 398.
LaTeX Info: Redefining \colon on input line 409.
\classnum@=\count289
\DOTSCASE@=\count290
LaTeX Info: Redefining \ldots on input line 495.
LaTeX Info: Redefining \dots on input line 498.
LaTeX Info: Redefining \cdots on input line 619.
\Mathstrutbox@=\box53
\strutbox@=\box54
LaTeX Info: Redefining \big on input line 721.
LaTeX Info: Redefining \Big on input line 722.
LaTeX Info: Redefining \bigg on input line 723.
LaTeX Info: Redefining \Bigg on input line 724.
\big@size=\dimen159
LaTeX Font Info:    Redeclaring font encoding OML on input line 742.
LaTeX Font Info:    Redeclaring font encoding OMS on input line 743.
\macc@depth=\count291
LaTeX Info: Redefining \bmod on input line 904.
LaTeX Info: Redefining \pmod on input line 909.
LaTeX Info: Redefining \smash on input line 939.
LaTeX Info: Redefining \relbar on input line 969.
LaTeX Info: Redefining \Relbar on input line 970.
\c@MaxMatrixCols=\count292
\dotsspace@=\muskip17
\c@parentequation=\count293
\dspbrk@lvl=\count294
\tag@help=\toks20
\row@=\count295
\column@=\count296
\maxfields@=\count297
\andhelp@=\toks21
\eqnshift@=\dimen160
\alignsep@=\dimen161
\tagshift@=\dimen162
\tagwidth@=\dimen163
\totwidth@=\dimen164
\lineht@=\dimen165
\@envbody=\toks22
\multlinegap=\skip52
\multlinetaggap=\skip53
\mathdisplay@stack=\toks23
LaTeX Info: Redefining \[ on input line 2950.
LaTeX Info: Redefining \] on input line 2951.
)
(/usr/local/texlive/2026/texmf-dist/tex/latex/amsfonts/amssymb.sty
Package: amssymb 2013/01/14 v3.01 AMS font symbols

(/usr/local/texlive/2026/texmf-dist/tex/latex/amsfonts/amsfonts.sty
Package: amsfonts 2013/01/14 v3.01 Basic AMSFonts support
\symAMSa=\mathgroup4
\symAMSb=\mathgroup5
LaTeX Font Info:    Redeclaring math symbol \hbar on input line 98.
LaTeX Font Info:    Overwriting math alphabet `\mathfrak' in version `bold'
(Font)                  U/euf/m/n --> U/euf/b/n on input line 106.
))
(/usr/local/texlive/2026/texmf-dist/tex/latex/amscls/amsthm.sty
Package: amsthm 2020/05/29 v2.20.6
\thm@style=\toks24
\thm@bodyfont=\toks25
\thm@headfont=\toks26
\thm@notefont=\toks27
\thm@headpunct=\toks28
\thm@preskip=\skip54
\thm@postskip=\skip55
\thm@headsep=\skip56
\dth@everypar=\toks29
)
(/usr/local/texlive/2026/texmf-dist/tex/latex/mathtools/mathtools.sty
Package: mathtools 2024/10/04 v1.31 mathematical typesetting tools

(/usr/local/texlive/2026/texmf-dist/tex/latex/tools/calc.sty
Package: calc 2025/03/01 v4.3b Infix arithmetic (KKT,FJ)
\calc@Acount=\count298
\calc@Bcount=\count299
\calc@Adimen=\dimen166
\calc@Bdimen=\dimen167
\calc@Askip=\skip57
\calc@Bskip=\skip58
LaTeX Info: Redefining \setlength on input line 86.
LaTeX Info: Redefining \addtolength on input line 87.
\calc@Ccount=\count300
\calc@Cskip=\skip59
)
(/usr/local/texlive/2026/texmf-dist/tex/latex/mathtools/mhsetup.sty
Package: mhsetup 2021/03/18 v1.4 programming setup (MH)
)
\g_MT_multlinerow_int=\count301
\l_MT_multwidth_dim=\dimen168
\origjot=\skip60
\l_MT_shortvdotswithinadjustabove_dim=\dimen169
\l_MT_shortvdotswithinadjustbelow_dim=\dimen170
\l_MT_above_intertext_sep=\dimen171
\l_MT_below_intertext_sep=\dimen172
\l_MT_above_shortintertext_sep=\dimen173
\l_MT_below_shortintertext_sep=\dimen174
\xmathstrut@box=\box55
\xmathstrut@dim=\dimen175
)
(/usr/local/texlive/2026/texmf-dist/tex/latex/tools/bm.sty
Package: bm 2025/10/21 v1.2g Bold Symbol Support (DPC/FMi)
\symboldoperators=\mathgroup6
\symboldletters=\mathgroup7
\symboldsymbols=\mathgroup8
Package bm Info: No bold for \OMX/cmex/m/n, using \pmb.
Package bm Info: No bold for \U/msa/m/n, using \pmb.
Package bm Info: No bold for \U/msb/m/n, using \pmb.
LaTeX Font Info:    Redeclaring math alphabet \mathbf on input line 149.
)
(/usr/local/texlive/2026/texmf-dist/tex/latex/base/fontenc.sty
Package: fontenc 2025/07/18 v2.1d Standard LaTeX package
)
(/usr/local/texlive/2026/texmf-dist/tex/latex/newtx/newtxtext.sty
Package: newtxtext 2024/04/01 v1.744(Michael Sharpe) latex and unicode latex su
pport for TeXGyreTermesX

`newtxtext' v1.744, 2024/04/01 Text macros taking advantage of TeXGyre Termes a
nd its extensions (msharpe)
(/usr/local/texlive/2026/texmf-dist/tex/latex/xpatch/xpatch.sty
(/usr/local/texlive/2026/texmf-dist/tex/latex/l3kernel/expl3.sty
Package: expl3 2026-01-19 L3 programming layer (loader) 

(/usr/local/texlive/2026/texmf-dist/tex/latex/l3backend/l3backend-pdftex.def
File: l3backend-pdftex.def 2025-10-09 L3 backend support: PDF output (pdfTeX)
\l__color_backend_stack_int=\count302
))
Package: xpatch 2020/03/25 v0.3a Extending etoolbox patching commands

(/usr/local/texlive/2026/texmf-dist/tex/latex/l3packages/xparse/xparse.sty
Package: xparse 2025-10-09 L3 Experimental document command parser
)
(/usr/local/texlive/2026/texmf-dist/tex/latex/etoolbox/etoolbox.sty
Package: etoolbox 2025/10/02 v2.5m e-TeX tools for LaTeX (JAW)
\etb@tempcnta=\count303
))
(/usr/local/texlive/2026/texmf-dist/tex/latex/xcolor/xcolor.sty
Package: xcolor 2024/09/29 v3.02 LaTeX color extensions (UK)

(/usr/local/texlive/2026/texmf-dist/tex/latex/graphics-cfg/color.cfg
File: color.cfg 2016/01/02 v1.6 sample color configuration
)
Package xcolor Info: Driver file: pdftex.def on input line 274.

(/usr/local/texlive/2026/texmf-dist/tex/latex/graphics-def/pdftex.def
File: pdftex.def 2025/09/29 v1.2d Graphics/color driver for pdftex
)
(/usr/local/texlive/2026/texmf-dist/tex/latex/graphics/mathcolor.ltx)
Package xcolor Info: Model `cmy' substituted by `cmy0' on input line 1349.
Package xcolor Info: Model `hsb' substituted by `rgb' on input line 1353.
Package xcolor Info: Model `RGB' extended on input line 1365.
Package xcolor Info: Model `HTML' substituted by `rgb' on input line 1367.
Package xcolor Info: Model `Hsb' substituted by `hsb' on input line 1368.
Package xcolor Info: Model `tHsb' substituted by `hsb' on input line 1369.
Package xcolor Info: Model `HSB' substituted by `hsb' on input line 1370.
Package xcolor Info: Model `Gray' substituted by `gray' on input line 1371.
Package xcolor Info: Model `wave' substituted by `hsb' on input line 1372.
)
(/usr/local/texlive/2026/texmf-dist/tex/latex/xkeyval/xkeyval.sty
Package: xkeyval 2025/11/04 v2.10 package option processing (HA)

(/usr/local/texlive/2026/texmf-dist/tex/generic/xkeyval/xkeyval.tex
(/usr/local/texlive/2026/texmf-dist/tex/generic/xkeyval/xkvutils.tex
\XKV@toks=\toks30
\XKV@tempa@toks=\toks31
\XKV@tempb@toks=\toks32
)
\XKV@depth=\count304
File: xkeyval.tex 2014/12/03 v2.7a key=value parser (HA)
))
(/usr/local/texlive/2026/texmf-dist/tex/latex/base/textcomp.sty
Package: textcomp 2024/04/24 v2.1b Standard LaTeX package
)
(/usr/local/texlive/2026/texmf-dist/tex/generic/xstring/xstring.sty
(/usr/local/texlive/2026/texmf-dist/tex/generic/xstring/xstring.tex
\xs_counta=\count305
\xs_countb=\count306
)
Package: xstring 2023/08/22 v1.86 String manipulations (CT)
)
(/usr/local/texlive/2026/texmf-dist/tex/latex/base/ifthen.sty
Package: ifthen 2024/03/16 v1.1e Standard LaTeX ifthen package (DPC)
)
(/usr/local/texlive/2026/texmf-dist/tex/latex/carlisle/scalefnt.sty)
LaTeX Font Info:    Setting ntxLF sub-encoding to TS1/0 on input line 24.
LaTeX Font Info:    Setting ntxTLF sub-encoding to TS1/0 on input line 24.
LaTeX Font Info:    Setting ntxOsF sub-encoding to TS1/0 on input line 24.
LaTeX Font Info:    Setting ntxTOsF sub-encoding to TS1/0 on input line 24.

(/usr/local/texlive/2026/texmf-dist/tex/generic/kastrup/binhex.tex)
\ntx@tmpcnta=\count307
\ntx@cnt=\count308

(/usr/local/texlive/2026/texmf-dist/tex/latex/fontaxes/fontaxes.sty
Package: fontaxes 2026-01-02 v2.0.2 Font selection axes (deprecated)
Applying: [2024-11-01] Use figureversions if present on input line 74.

(/usr/local/texlive/2026/texmf-dist/tex/latex/figureversions/figureversions.sty
Package: figureversions 2025-04-29 v1.0.1 Figure versions
)
Already applied: [0000-00-00] Fall back to v1 on input line 76.
)
\tx@sixem=\dimen176
\tx@y=\dimen177
\tx@x=\dimen178
\tx@tmpdima=\dimen179
\tx@tmpdimb=\dimen180
\tx@tmpdimc=\dimen181
\tx@tmpdimd=\dimen182
\tx@tmpdime=\dimen183
\tx@tmpdimf=\dimen184
\tx@dimA=\dimen185
\tx@dimAA=\dimen186
\tx@dimB=\dimen187
\tx@dimBB=\dimen188
\tx@dimC=\dimen189
LaTeX Info: Redefining \oldstylenums on input line 902.
) (/usr/local/texlive/2026/texmf-dist/tex/latex/newtx/newtxmath.sty
Package: newtxmath 2024/09/22 v1.754

`newtxmath' v1.754, 2024/09/22 Math macros based originally on txfonts (msharpe
) (/usr/local/texlive/2026/texmf-dist/tex/latex/oberdiek/centernot.sty
Package: centernot 2016/05/16 v1.4 Centers the not symbol horizontally (HO)
)
\tx@cntz=\count309

(/usr/local/texlive/2026/texmf-dist/tex/generic/kastrup/binhex.tex)
\tx@Isdigit=\count310
\tx@IsAlNum=\count311
\tx@tA=\toks33
\tx@tB=\toks34
\tx@su=\read2

amsthm NOT loaded
LaTeX Font Info:    Redeclaring symbol font `operators' on input line 402.
LaTeX Font Info:    Overwriting symbol font `operators' in version `normal'
(Font)                  OT1/cmr/m/n --> OT1/minntx/m/n on input line 402.
LaTeX Font Info:    Overwriting symbol font `operators' in version `bold'
(Font)                  OT1/cmr/bx/n --> OT1/minntx/m/n on input line 402.
LaTeX Font Info:    Overwriting symbol font `operators' in version `bold'
(Font)                  OT1/minntx/m/n --> OT1/minntx/b/n on input line 403.
LaTeX Font Info:    Redeclaring math alphabet \mathsf on input line 410.
LaTeX Font Info:    Overwriting math alphabet `\mathsf' in version `normal'
(Font)                  OT1/cmss/m/n --> OT1/qhv/m/n on input line 410.
LaTeX Font Info:    Overwriting math alphabet `\mathsf' in version `bold'
(Font)                  OT1/cmss/bx/n --> OT1/qhv/m/n on input line 410.
LaTeX Font Info:    Overwriting math alphabet `\mathsf' in version `bold'
(Font)                  OT1/qhv/m/n --> OT1/qhv/b/n on input line 412.
LaTeX Font Info:    Redeclaring math alphabet \mathit on input line 419.
LaTeX Font Info:    Overwriting math alphabet `\mathit' in version `normal'
(Font)                  OT1/cmr/m/it --> OT1/minntx/m/it on input line 419.
LaTeX Font Info:    Overwriting math alphabet `\mathit' in version `bold'
(Font)                  OT1/cmr/bx/it --> OT1/minntx/m/it on input line 419.
LaTeX Font Info:    Redeclaring math alphabet \mathtt on input line 420.
LaTeX Font Info:    Overwriting math alphabet `\mathtt' in version `normal'
(Font)                  OT1/cmtt/m/n --> T1/ntxtt/m/n on input line 420.
LaTeX Font Info:    Overwriting math alphabet `\mathtt' in version `bold'
(Font)                  OT1/cmtt/m/n --> T1/ntxtt/m/n on input line 420.
LaTeX Font Info:    Redeclaring math alphabet \mathbf on input line 422.
LaTeX Font Info:    Overwriting math alphabet `\mathit' in version `bold'
(Font)                  OT1/minntx/m/it --> OT1/minntx/b/it on input line 423.
LaTeX Font Info:    Overwriting math alphabet `\mathtt' in version `bold'
(Font)                  T1/ntxtt/m/n --> T1/ntxtt/b/n on input line 426.
LaTeX Font Info:    Redeclaring symbol font `letters' on input line 534.
LaTeX Font Info:    Overwriting symbol font `letters' in version `normal'
(Font)                  OML/cmm/m/it --> OML/ntxmi/m/it on input line 534.
LaTeX Font Info:    Overwriting symbol font `letters' in version `bold'
(Font)                  OML/cmm/b/it --> OML/ntxmi/m/it on input line 534.
LaTeX Font Info:    Overwriting symbol font `letters' in version `bold'
(Font)                  OML/ntxmi/m/it --> OML/ntxmi/b/it on input line 535.
\symlettersA=\mathgroup9
LaTeX Font Info:    Overwriting symbol font `lettersA' in version `bold'
(Font)                  U/ntxmia/m/it --> U/ntxmia/b/it on input line 582.
LaTeX Font Info:    Redeclaring math alphabet \mathfrak on input line 584.
Now handling font encoding LMS ...
... no UTF-8 mapping file for font encoding LMS
LaTeX Font Info:    Redeclaring symbol font `symbols' on input line 604.
LaTeX Font Info:    Encoding `OMS' has changed to `LMS' for symbol font
(Font)              `symbols' in the math version `normal' on input line 604.
LaTeX Font Info:    Overwriting symbol font `symbols' in version `normal'
(Font)                  OMS/cmsy/m/n --> LMS/ntxsy/m/n on input line 604.
LaTeX Font Info:    Encoding `OMS' has changed to `LMS' for symbol font
(Font)              `symbols' in the math version `bold' on input line 604.
LaTeX Font Info:    Overwriting symbol font `symbols' in version `bold'
(Font)                  OMS/cmsy/b/n --> LMS/ntxsy/m/n on input line 604.
LaTeX Font Info:    Overwriting symbol font `symbols' in version `bold'
(Font)                  LMS/ntxsy/m/n --> LMS/ntxsy/b/n on input line 605.
\symAMSm=\mathgroup10
LaTeX Font Info:    Overwriting symbol font `AMSm' in version `bold'
(Font)                  U/ntxsym/m/n --> U/ntxsym/b/n on input line 630.
\symsymbolsC=\mathgroup11
LaTeX Font Info:    Overwriting symbol font `symbolsC' in version `bold'
(Font)                  U/ntxsyc/m/n --> U/ntxsyc/b/n on input line 651.
Now handling font encoding LMX ...
... no UTF-8 mapping file for font encoding LMX
LaTeX Font Info:    Redeclaring symbol font `largesymbols' on input line 664.
LaTeX Font Info:    Encoding `OMX' has changed to `LMX' for symbol font
(Font)              `largesymbols' in the math version `normal' on input line 6
64.
LaTeX Font Info:    Overwriting symbol font `largesymbols' in version `normal'
(Font)                  OMX/cmex/m/n --> LMX/ntxexx/m/n on input line 664.
LaTeX Font Info:    Encoding `OMX' has changed to `LMX' for symbol font
(Font)              `largesymbols' in the math version `bold' on input line 664
.
LaTeX Font Info:    Overwriting symbol font `largesymbols' in version `bold'
(Font)                  OMX/cmex/m/n --> LMX/ntxexx/m/n on input line 664.
LaTeX Font Info:    Overwriting symbol font `largesymbols' in version `bold'
(Font)                  LMX/ntxexx/m/n --> LMX/ntxexx/b/n on input line 665.
\symlargesymbolsTXA=\mathgroup12
LaTeX Font Info:    Overwriting symbol font `largesymbolsTXA' in version `bold'

(Font)                  U/ntxexa/m/n --> U/ntxexa/b/n on input line 679.
\tx@sbptoks=\toks35
LaTeX Font Info:    Redeclaring math delimiter \lfloor on input line 902.
LaTeX Font Info:    Redeclaring math delimiter \rfloor on input line 903.
LaTeX Font Info:    Redeclaring math delimiter \lceil on input line 904.
LaTeX Font Info:    Redeclaring math delimiter \rceil on input line 905.
LaTeX Font Info:    Redeclaring math delimiter \lbrace on input line 910.
LaTeX Font Info:    Redeclaring math delimiter \rbrace on input line 911.
LaTeX Font Info:    Redeclaring math delimiter \langle on input line 913.
LaTeX Font Info:    Redeclaring math delimiter \rangle on input line 915.
LaTeX Font Info:    Redeclaring math delimiter \arrowvert on input line 919.
LaTeX Font Info:    Redeclaring math delimiter \vert on input line 920.
LaTeX Font Info:    Redeclaring math accent \dot on input line 991.
LaTeX Font Info:    Redeclaring math accent \ddot on input line 992.
LaTeX Font Info:    Redeclaring math accent \vec on input line 2057.
LaTeX Info: Redefining \Bbbk on input line 2847.
LaTeX Info: Redefining \not on input line 2995.
LaTeX Info: Redefining \textsquare on input line 3025.
LaTeX Info: Redefining \openbox on input line 3027.
) (/usr/local/texlive/2026/texmf-dist/tex/latex/microtype/microtype.sty
Package: microtype 2026/03/01 v3.2d Micro-typographical refinements (RS)
\MT@toks=\toks36
\MT@tempbox=\box56
\MT@count=\count312
LaTeX Info: Redefining \noprotrusionifhmode on input line 1084.
LaTeX Info: Redefining \leftprotrusion on input line 1085.
\MT@prot@toks=\toks37
LaTeX Info: Redefining \rightprotrusion on input line 1104.
LaTeX Info: Redefining \textls on input line 1449.
\MT@outer@kern=\dimen190
LaTeX Info: Redefining \microtypecontext on input line 2053.
LaTeX Info: Redefining \textmicrotypecontext on input line 2070.
\MT@listname@count=\count313

(/usr/local/texlive/2026/texmf-dist/tex/latex/microtype/microtype-pdftex.def
File: microtype-pdftex.def 2026/03/01 v3.2d Definitions specific to pdftex (RS)

LaTeX Info: Redefining \lsstyle on input line 944.
LaTeX Info: Redefining \lslig on input line 944.
\MT@outer@space=\skip61
)
Package microtype Info: Loading configuration file microtype.cfg.

(/usr/local/texlive/2026/texmf-dist/tex/latex/microtype/microtype.cfg
File: microtype.cfg 2026/03/01 v3.2d microtype main configuration file (RS)
)
LaTeX Info: Redefining \microtypesetup on input line 3065.
)
(/usr/local/texlive/2026/texmf-dist/tex/latex/booktabs/booktabs.sty
Package: booktabs 2020/01/12 v1.61803398 Publication quality tables
\heavyrulewidth=\dimen191
\lightrulewidth=\dimen192
\cmidrulewidth=\dimen193
\belowrulesep=\dimen194
\belowbottomsep=\dimen195
\aboverulesep=\dimen196
\abovetopsep=\dimen197
\cmidrulesep=\dimen198
\cmidrulekern=\dimen199
\defaultaddspace=\dimen256
\@cmidla=\count314
\@cmidlb=\count315
\@aboverulesep=\dimen257
\@belowrulesep=\dimen258
\@thisruleclass=\count316
\@lastruleclass=\count317
\@thisrulewidth=\dimen259
)
(/usr/local/texlive/2026/texmf-dist/tex/latex/algorithms/algorithm.sty
Package: algorithm 2009/08/24 v0.1 Document Style `algorithm' - floating enviro
nment

(/usr/local/texlive/2026/texmf-dist/tex/latex/float/float.sty
Package: float 2001/11/08 v1.3d Float enhancements (AL)
\c@float@type=\count318
\float@exts=\toks38
\float@box=\box57
\@float@everytoks=\toks39
\@floatcapt=\box58
)
\@float@every@algorithm=\toks40
\c@algorithm=\count319
)
(/usr/local/texlive/2026/texmf-dist/tex/latex/algorithmicx/algpseudocode.sty
Package: algpseudocode 

(/usr/local/texlive/2026/texmf-dist/tex/latex/algorithmicx/algorithmicx.sty
Package: algorithmicx 2005/04/27 v1.2 Algorithmicx

Document Style algorithmicx 1.2 - a greatly improved `algorithmic' style
\c@ALG@line=\count320
\c@ALG@rem=\count321
\c@ALG@nested=\count322
\ALG@tlm=\skip62
\ALG@thistlm=\skip63
\c@ALG@Lnr=\count323
\c@ALG@blocknr=\count324
\c@ALG@storecount=\count325
\c@ALG@tmpcounter=\count326
\ALG@tmplength=\skip64
)
Document Style - pseudocode environments for use with the `algorithmicx' style
) (/usr/local/texlive/2026/texmf-dist/tex/latex/graphics/graphicx.sty
Package: graphicx 2024/12/31 v1.2e Enhanced LaTeX Graphics (DPC,SPQR)

(/usr/local/texlive/2026/texmf-dist/tex/latex/graphics/graphics.sty
Package: graphics 2024/08/06 v1.4g Standard LaTeX Graphics (DPC,SPQR)

(/usr/local/texlive/2026/texmf-dist/tex/latex/graphics/trig.sty
Package: trig 2023/12/02 v1.11 sin cos tan (DPC)
)
(/usr/local/texlive/2026/texmf-dist/tex/latex/graphics-cfg/graphics.cfg
File: graphics.cfg 2016/06/04 v1.11 sample graphics configuration
)
Package graphics Info: Driver file: pdftex.def on input line 106.
)
\Gin@req@height=\dimen260
\Gin@req@width=\dimen261
)
(/usr/local/texlive/2026/texmf-dist/tex/latex/pgf/frontendlayer/tikz.sty
(/usr/local/texlive/2026/texmf-dist/tex/latex/pgf/basiclayer/pgf.sty
(/usr/local/texlive/2026/texmf-dist/tex/latex/pgf/utilities/pgfrcs.sty
(/usr/local/texlive/2026/texmf-dist/tex/generic/pgf/utilities/pgfutil-common.te
x
\pgfutil@everybye=\toks41
\pgfutil@tempdima=\dimen262
\pgfutil@tempdimb=\dimen263
)
(/usr/local/texlive/2026/texmf-dist/tex/generic/pgf/utilities/pgfutil-latex.def
\pgfutil@abb=\box59
) (/usr/local/texlive/2026/texmf-dist/tex/generic/pgf/utilities/pgfrcs.code.tex
(/usr/local/texlive/2026/texmf-dist/tex/generic/pgf/pgf.revision.tex)
Package: pgfrcs 2025-08-29 v3.1.11a (3.1.11a)
))
Package: pgf 2025-08-29 v3.1.11a (3.1.11a)

(/usr/local/texlive/2026/texmf-dist/tex/latex/pgf/basiclayer/pgfcore.sty
(/usr/local/texlive/2026/texmf-dist/tex/latex/pgf/systemlayer/pgfsys.sty
(/usr/local/texlive/2026/texmf-dist/tex/generic/pgf/systemlayer/pgfsys.code.tex
Package: pgfsys 2025-08-29 v3.1.11a (3.1.11a)
(/usr/local/texlive/2026/texmf-dist/tex/generic/pgf/utilities/pgfkeys.code.tex
\pgfkeys@pathtoks=\toks42
\pgfkeys@temptoks=\toks43

(/usr/local/texlive/2026/texmf-dist/tex/generic/pgf/utilities/pgfkeyslibraryfil
tered.code.tex
\pgfkeys@tmptoks=\toks44
))
\pgf@x=\dimen264
\pgf@y=\dimen265
\pgf@xa=\dimen266
\pgf@ya=\dimen267
\pgf@xb=\dimen268
\pgf@yb=\dimen269
\pgf@xc=\dimen270
\pgf@yc=\dimen271
\pgf@xd=\dimen272
\pgf@yd=\dimen273
\w@pgf@writea=\write3
\r@pgf@reada=\read3
\c@pgf@counta=\count327
\c@pgf@countb=\count328
\c@pgf@countc=\count329
\c@pgf@countd=\count330
\t@pgf@toka=\toks45
\t@pgf@tokb=\toks46
\t@pgf@tokc=\toks47
\pgf@sys@id@count=\count331

(/usr/local/texlive/2026/texmf-dist/tex/generic/pgf/systemlayer/pgf.cfg
File: pgf.cfg 2025-08-29 v3.1.11a (3.1.11a)
)
Driver file for pgf: pgfsys-pdftex.def

(/usr/local/texlive/2026/texmf-dist/tex/generic/pgf/systemlayer/pgfsys-pdftex.d
ef
File: pgfsys-pdftex.def 2025-08-29 v3.1.11a (3.1.11a)

(/usr/local/texlive/2026/texmf-dist/tex/generic/pgf/systemlayer/pgfsys-common-p
df.def
File: pgfsys-common-pdf.def 2025-08-29 v3.1.11a (3.1.11a)
)))
(/usr/local/texlive/2026/texmf-dist/tex/generic/pgf/systemlayer/pgfsyssoftpath.
code.tex
File: pgfsyssoftpath.code.tex 2025-08-29 v3.1.11a (3.1.11a)
\pgfsyssoftpath@smallbuffer@items=\count332
\pgfsyssoftpath@bigbuffer@items=\count333
)
(/usr/local/texlive/2026/texmf-dist/tex/generic/pgf/systemlayer/pgfsysprotocol.
code.tex
File: pgfsysprotocol.code.tex 2025-08-29 v3.1.11a (3.1.11a)
))
(/usr/local/texlive/2026/texmf-dist/tex/generic/pgf/basiclayer/pgfcore.code.tex
Package: pgfcore 2025-08-29 v3.1.11a (3.1.11a)
(/usr/local/texlive/2026/texmf-dist/tex/generic/pgf/math/pgfmath.code.tex
(/usr/local/texlive/2026/texmf-dist/tex/generic/pgf/math/pgfmathutil.code.tex)
(/usr/local/texlive/2026/texmf-dist/tex/generic/pgf/math/pgfmathparser.code.tex
\pgfmath@dimen=\dimen274
\pgfmath@count=\count334
\pgfmath@box=\box60
\pgfmath@toks=\toks48
\pgfmath@stack@operand=\toks49
\pgfmath@stack@operation=\toks50
)
(/usr/local/texlive/2026/texmf-dist/tex/generic/pgf/math/pgfmathfunctions.code.
tex)
(/usr/local/texlive/2026/texmf-dist/tex/generic/pgf/math/pgfmathfunctions.basic
.code.tex)
(/usr/local/texlive/2026/texmf-dist/tex/generic/pgf/math/pgfmathfunctions.trigo
nometric.code.tex)
(/usr/local/texlive/2026/texmf-dist/tex/generic/pgf/math/pgfmathfunctions.rando
m.code.tex)
(/usr/local/texlive/2026/texmf-dist/tex/generic/pgf/math/pgfmathfunctions.compa
rison.code.tex)
(/usr/local/texlive/2026/texmf-dist/tex/generic/pgf/math/pgfmathfunctions.base.
code.tex)
(/usr/local/texlive/2026/texmf-dist/tex/generic/pgf/math/pgfmathfunctions.round
.code.tex)
(/usr/local/texlive/2026/texmf-dist/tex/generic/pgf/math/pgfmathfunctions.misc.
code.tex)
(/usr/local/texlive/2026/texmf-dist/tex/generic/pgf/math/pgfmathfunctions.integ
erarithmetics.code.tex)
(/usr/local/texlive/2026/texmf-dist/tex/generic/pgf/math/pgfmathcalc.code.tex)
(/usr/local/texlive/2026/texmf-dist/tex/generic/pgf/math/pgfmathfloat.code.tex
\c@pgfmathroundto@lastzeros=\count335
)) (/usr/local/texlive/2026/texmf-dist/tex/generic/pgf/math/pgfint.code.tex)
(/usr/local/texlive/2026/texmf-dist/tex/generic/pgf/basiclayer/pgfcorepoints.co
de.tex
File: pgfcorepoints.code.tex 2025-08-29 v3.1.11a (3.1.11a)
\pgf@picminx=\dimen275
\pgf@picmaxx=\dimen276
\pgf@picminy=\dimen277
\pgf@picmaxy=\dimen278
\pgf@pathminx=\dimen279
\pgf@pathmaxx=\dimen280
\pgf@pathminy=\dimen281
\pgf@pathmaxy=\dimen282
\pgf@xx=\dimen283
\pgf@xy=\dimen284
\pgf@yx=\dimen285
\pgf@yy=\dimen286
\pgf@zx=\dimen287
\pgf@zy=\dimen288
)
(/usr/local/texlive/2026/texmf-dist/tex/generic/pgf/basiclayer/pgfcorepathconst
ruct.code.tex
File: pgfcorepathconstruct.code.tex 2025-08-29 v3.1.11a (3.1.11a)
\pgf@path@lastx=\dimen289
\pgf@path@lasty=\dimen290
)
(/usr/local/texlive/2026/texmf-dist/tex/generic/pgf/basiclayer/pgfcorepathusage
.code.tex
File: pgfcorepathusage.code.tex 2025-08-29 v3.1.11a (3.1.11a)
\pgf@shorten@end@additional=\dimen291
\pgf@shorten@start@additional=\dimen292
)
(/usr/local/texlive/2026/texmf-dist/tex/generic/pgf/basiclayer/pgfcorescopes.co
de.tex
File: pgfcorescopes.code.tex 2025-08-29 v3.1.11a (3.1.11a)
\pgfpic=\box61
\pgf@hbox=\box62
\pgf@layerbox@main=\box63
\pgf@picture@serial@count=\count336
)
(/usr/local/texlive/2026/texmf-dist/tex/generic/pgf/basiclayer/pgfcoregraphicst
ate.code.tex
File: pgfcoregraphicstate.code.tex 2025-08-29 v3.1.11a (3.1.11a)
\pgflinewidth=\dimen293
)
(/usr/local/texlive/2026/texmf-dist/tex/generic/pgf/basiclayer/pgfcoretransform
ations.code.tex
File: pgfcoretransformations.code.tex 2025-08-29 v3.1.11a (3.1.11a)
\pgf@pt@x=\dimen294
\pgf@pt@y=\dimen295
\pgf@pt@temp=\dimen296
)
(/usr/local/texlive/2026/texmf-dist/tex/generic/pgf/basiclayer/pgfcorequick.cod
e.tex
File: pgfcorequick.code.tex 2025-08-29 v3.1.11a (3.1.11a)
)
(/usr/local/texlive/2026/texmf-dist/tex/generic/pgf/basiclayer/pgfcoreobjects.c
ode.tex
File: pgfcoreobjects.code.tex 2025-08-29 v3.1.11a (3.1.11a)
)
(/usr/local/texlive/2026/texmf-dist/tex/generic/pgf/basiclayer/pgfcorepathproce
ssing.code.tex
File: pgfcorepathprocessing.code.tex 2025-08-29 v3.1.11a (3.1.11a)
)
(/usr/local/texlive/2026/texmf-dist/tex/generic/pgf/basiclayer/pgfcorearrows.co
de.tex
File: pgfcorearrows.code.tex 2025-08-29 v3.1.11a (3.1.11a)
\pgfarrowsep=\dimen297
)
(/usr/local/texlive/2026/texmf-dist/tex/generic/pgf/basiclayer/pgfcoreshade.cod
e.tex
File: pgfcoreshade.code.tex 2025-08-29 v3.1.11a (3.1.11a)
\pgf@max=\dimen298
\pgf@sys@shading@range@num=\count337
\pgf@shadingcount=\count338
)
(/usr/local/texlive/2026/texmf-dist/tex/generic/pgf/basiclayer/pgfcoreimage.cod
e.tex
File: pgfcoreimage.code.tex 2025-08-29 v3.1.11a (3.1.11a)
)
(/usr/local/texlive/2026/texmf-dist/tex/generic/pgf/basiclayer/pgfcoreexternal.
code.tex
File: pgfcoreexternal.code.tex 2025-08-29 v3.1.11a (3.1.11a)
\pgfexternal@startupbox=\box64
)
(/usr/local/texlive/2026/texmf-dist/tex/generic/pgf/basiclayer/pgfcorelayers.co
de.tex
File: pgfcorelayers.code.tex 2025-08-29 v3.1.11a (3.1.11a)
)
(/usr/local/texlive/2026/texmf-dist/tex/generic/pgf/basiclayer/pgfcoretranspare
ncy.code.tex
File: pgfcoretransparency.code.tex 2025-08-29 v3.1.11a (3.1.11a)
)
(/usr/local/texlive/2026/texmf-dist/tex/generic/pgf/basiclayer/pgfcorepatterns.
code.tex
File: pgfcorepatterns.code.tex 2025-08-29 v3.1.11a (3.1.11a)
)
(/usr/local/texlive/2026/texmf-dist/tex/generic/pgf/basiclayer/pgfcorerdf.code.
tex
File: pgfcorerdf.code.tex 2025-08-29 v3.1.11a (3.1.11a)
)))
(/usr/local/texlive/2026/texmf-dist/tex/generic/pgf/modules/pgfmoduleshapes.cod
e.tex
File: pgfmoduleshapes.code.tex 2025-08-29 v3.1.11a (3.1.11a)
\pgfnodeparttextbox=\box65
)
(/usr/local/texlive/2026/texmf-dist/tex/generic/pgf/modules/pgfmoduleplot.code.
tex
File: pgfmoduleplot.code.tex 2025-08-29 v3.1.11a (3.1.11a)
)
(/usr/local/texlive/2026/texmf-dist/tex/latex/pgf/compatibility/pgfcomp-version
-0-65.sty
Package: pgfcomp-version-0-65 2025-08-29 v3.1.11a (3.1.11a)
\pgf@nodesepstart=\dimen299
\pgf@nodesepend=\dimen300
)
(/usr/local/texlive/2026/texmf-dist/tex/latex/pgf/compatibility/pgfcomp-version
-1-18.sty
Package: pgfcomp-version-1-18 2025-08-29 v3.1.11a (3.1.11a)
))
(/usr/local/texlive/2026/texmf-dist/tex/latex/pgf/utilities/pgffor.sty
(/usr/local/texlive/2026/texmf-dist/tex/latex/pgf/utilities/pgfkeys.sty
(/usr/local/texlive/2026/texmf-dist/tex/generic/pgf/utilities/pgfkeys.code.tex)
) (/usr/local/texlive/2026/texmf-dist/tex/latex/pgf/math/pgfmath.sty
(/usr/local/texlive/2026/texmf-dist/tex/generic/pgf/math/pgfmath.code.tex))
(/usr/local/texlive/2026/texmf-dist/tex/generic/pgf/utilities/pgffor.code.tex
Package: pgffor 2025-08-29 v3.1.11a (3.1.11a)
\pgffor@iter=\dimen301
\pgffor@skip=\dimen302
\pgffor@stack=\toks51
\pgffor@toks=\toks52
))
(/usr/local/texlive/2026/texmf-dist/tex/generic/pgf/frontendlayer/tikz/tikz.cod
e.tex
Package: tikz 2025-08-29 v3.1.11a (3.1.11a)

(/usr/local/texlive/2026/texmf-dist/tex/generic/pgf/libraries/pgflibraryplothan
dlers.code.tex
File: pgflibraryplothandlers.code.tex 2025-08-29 v3.1.11a (3.1.11a)
\pgf@plot@mark@count=\count339
\pgfplotmarksize=\dimen303
)
\tikz@lastx=\dimen304
\tikz@lasty=\dimen305
\tikz@lastxsaved=\dimen306
\tikz@lastysaved=\dimen307
\tikz@lastmovetox=\dimen308
\tikz@lastmovetoy=\dimen309
\tikzleveldistance=\dimen310
\tikzsiblingdistance=\dimen311
\tikz@figbox=\box66
\tikz@figbox@bg=\box67
\tikz@tempbox=\box68
\tikz@tempbox@bg=\box69
\tikztreelevel=\count340
\tikznumberofchildren=\count341
\tikznumberofcurrentchild=\count342
\tikz@fig@count=\count343

(/usr/local/texlive/2026/texmf-dist/tex/generic/pgf/modules/pgfmodulematrix.cod
e.tex
File: pgfmodulematrix.code.tex 2025-08-29 v3.1.11a (3.1.11a)
\pgfmatrixcurrentrow=\count344
\pgfmatrixcurrentcolumn=\count345
\pgf@matrix@numberofcolumns=\count346
)
\tikz@expandcount=\count347

(/usr/local/texlive/2026/texmf-dist/tex/generic/pgf/frontendlayer/tikz/librarie
s/tikzlibrarytopaths.code.tex
File: tikzlibrarytopaths.code.tex 2025-08-29 v3.1.11a (3.1.11a)
)))
(/usr/local/texlive/2026/texmf-dist/tex/generic/pgf/libraries/pgflibraryarrows.
meta.code.tex
File: pgflibraryarrows.meta.code.tex 2025-08-29 v3.1.11a (3.1.11a)
\pgfarrowinset=\dimen312
\pgfarrowlength=\dimen313
\pgfarrowwidth=\dimen314
\pgfarrowlinewidth=\dimen315
)
(/usr/local/texlive/2026/texmf-dist/tex/generic/pgf/frontendlayer/tikz/librarie
s/tikzlibrarypositioning.code.tex
File: tikzlibrarypositioning.code.tex 2025-08-29 v3.1.11a (3.1.11a)
)
(/usr/local/texlive/2026/texmf-dist/tex/generic/pgf/frontendlayer/tikz/librarie
s/tikzlibrarycalc.code.tex
File: tikzlibrarycalc.code.tex 2025-08-29 v3.1.11a (3.1.11a)
)
(/usr/local/texlive/2026/texmf-dist/tex/generic/pgf/frontendlayer/tikz/librarie
s/tikzlibraryfit.code.tex
File: tikzlibraryfit.code.tex 2025-08-29 v3.1.11a (3.1.11a)
)
(/usr/local/texlive/2026/texmf-dist/tex/generic/pgf/frontendlayer/tikz/librarie
s/tikzlibrarybackgrounds.code.tex
File: tikzlibrarybackgrounds.code.tex 2025-08-29 v3.1.11a (3.1.11a)
\pgf@layerbox@background=\box70
\pgf@layerboxsaved@background=\box71
)
(/usr/local/texlive/2026/texmf-dist/tex/latex/graphics/dvipsnam.def
File: dvipsnam.def 2016/06/17 v3.0m Driver-dependent file (DPC,SPQR)
)
(/usr/local/texlive/2026/texmf-dist/tex/latex/enumitem/enumitem.sty
Package: enumitem 2025/02/06 v3.11 Customized lists
\labelindent=\skip65
\enit@outerparindent=\dimen316
\enit@toks=\toks53
\enit@inbox=\box72
\enit@count@id=\count348
\enitdp@description=\count349
)
(/usr/local/texlive/2026/texmf-dist/tex/latex/hyperref/hyperref.sty
Package: hyperref 2026-01-29 v7.01p Hypertext links for LaTeX

(/usr/local/texlive/2026/texmf-dist/tex/latex/kvsetkeys/kvsetkeys.sty
Package: kvsetkeys 2022-10-05 v1.19 Key value parser (HO)
)
(/usr/local/texlive/2026/texmf-dist/tex/generic/kvdefinekeys/kvdefinekeys.sty
Package: kvdefinekeys 2019-12-19 v1.6 Define keys (HO)
)
(/usr/local/texlive/2026/texmf-dist/tex/generic/pdfescape/pdfescape.sty
Package: pdfescape 2019/12/09 v1.15 Implements pdfTeX's escape features (HO)

(/usr/local/texlive/2026/texmf-dist/tex/generic/ltxcmds/ltxcmds.sty
Package: ltxcmds 2023-12-04 v1.26 LaTeX kernel commands for general use (HO)
)
(/usr/local/texlive/2026/texmf-dist/tex/generic/pdftexcmds/pdftexcmds.sty
Package: pdftexcmds 2020-06-27 v0.33 Utility functions of pdfTeX for LuaTeX (HO
)

(/usr/local/texlive/2026/texmf-dist/tex/generic/infwarerr/infwarerr.sty
Package: infwarerr 2019/12/03 v1.5 Providing info/warning/error messages (HO)
)
Package pdftexcmds Info: \pdf@primitive is available.
Package pdftexcmds Info: \pdf@ifprimitive is available.
Package pdftexcmds Info: \pdfdraftmode found.
))
(/usr/local/texlive/2026/texmf-dist/tex/latex/hycolor/hycolor.sty
Package: hycolor 2020-01-27 v1.10 Color options for hyperref/bookmark (HO)
)
(/usr/local/texlive/2026/texmf-dist/tex/latex/hyperref/nameref.sty
Package: nameref 2026-01-29 v2.58 Cross-referencing by name of section

(/usr/local/texlive/2026/texmf-dist/tex/latex/refcount/refcount.sty
Package: refcount 2019/12/15 v3.6 Data extraction from label references (HO)
)
(/usr/local/texlive/2026/texmf-dist/tex/generic/gettitlestring/gettitlestring.s
ty
Package: gettitlestring 2019/12/15 v1.6 Cleanup title references (HO)
 (/usr/local/texlive/2026/texmf-dist/tex/latex/kvoptions/kvoptions.sty
Package: kvoptions 2022-06-15 v3.15 Key value format for package options (HO)
))
\c@section@level=\count350
)
(/usr/local/texlive/2026/texmf-dist/tex/generic/stringenc/stringenc.sty
Package: stringenc 2019/11/29 v1.12 Convert strings between diff. encodings (HO
)
)
\@linkdim=\dimen317
\Hy@linkcounter=\count351
\Hy@pagecounter=\count352

(/usr/local/texlive/2026/texmf-dist/tex/latex/hyperref/pd1enc.def
File: pd1enc.def 2026-01-29 v7.01p Hyperref: PDFDocEncoding definition (HO)
Now handling font encoding PD1 ...
... no UTF-8 mapping file for font encoding PD1
)
(/usr/local/texlive/2026/texmf-dist/tex/generic/intcalc/intcalc.sty
Package: intcalc 2019/12/15 v1.3 Expandable calculations with integers (HO)
)
\Hy@SavedSpaceFactor=\count353

(/usr/local/texlive/2026/texmf-dist/tex/latex/hyperref/puenc.def
File: puenc.def 2026-01-29 v7.01p Hyperref: PDF Unicode definition (HO)
Now handling font encoding PU ...
... no UTF-8 mapping file for font encoding PU
)
Package hyperref Info: Option `colorlinks' set `true' on input line 4072.
Package hyperref Info: Hyper figures OFF on input line 4201.
Package hyperref Info: Link nesting OFF on input line 4206.
Package hyperref Info: Hyper index ON on input line 4209.
Package hyperref Info: Plain pages OFF on input line 4216.
Package hyperref Info: Backreferencing OFF on input line 4221.
Package hyperref Info: Implicit mode ON; LaTeX internals redefined.
Package hyperref Info: Bookmarks ON on input line 4468.
\c@Hy@tempcnt=\count354

(/usr/local/texlive/2026/texmf-dist/tex/latex/url/url.sty
\Urlmuskip=\muskip18
Package: url 2013/09/16  ver 3.4  Verb mode for urls, etc.
)
LaTeX Info: Redefining \url on input line 4807.
\XeTeXLinkMargin=\dimen318

(/usr/local/texlive/2026/texmf-dist/tex/generic/bitset/bitset.sty
Package: bitset 2019/12/09 v1.3 Handle bit-vector datatype (HO)

(/usr/local/texlive/2026/texmf-dist/tex/generic/bigintcalc/bigintcalc.sty
Package: bigintcalc 2019/12/15 v1.5 Expandable calculations on big integers (HO
)
))
\Fld@menulength=\count355
\Field@Width=\dimen319
\Fld@charsize=\dimen320
Package hyperref Info: Hyper figures OFF on input line 6084.
Package hyperref Info: Link nesting OFF on input line 6089.
Package hyperref Info: Hyper index ON on input line 6092.
Package hyperref Info: backreferencing OFF on input line 6099.
Package hyperref Info: Link coloring ON on input line 6102.
Package hyperref Info: Link coloring with OCG OFF on input line 6109.
Package hyperref Info: PDF/A mode OFF on input line 6114.
\Hy@abspage=\count356
\c@Item=\count357
\c@Hfootnote=\count358
)
Package hyperref Info: Driver (autodetected): hpdftex.

(/usr/local/texlive/2026/texmf-dist/tex/latex/hyperref/hpdftex.def
File: hpdftex.def 2026-01-29 v7.01p Hyperref driver for pdfTeX
\Fld@listcount=\count359
\c@bookmark@seq@number=\count360

(/usr/local/texlive/2026/texmf-dist/tex/latex/rerunfilecheck/rerunfilecheck.sty
Package: rerunfilecheck 2025-06-21 v1.11 Rerun checks for auxiliary files (HO)

(/usr/local/texlive/2026/texmf-dist/tex/generic/uniquecounter/uniquecounter.sty
Package: uniquecounter 2019/12/15 v1.4 Provide unlimited unique counter (HO)
)
Package uniquecounter Info: New unique counter `rerunfilecheck' on input line 2
84.
)
\Hy@SectionHShift=\skip66
) (/usr/local/texlive/2026/texmf-dist/tex/latex/cleveref/cleveref.sty
Package: cleveref 2018/03/27 v0.21.4 Intelligent cross-referencing
Package cleveref Info: `hyperref' support loaded on input line 2370.
LaTeX Info: Redefining \cref on input line 2370.
LaTeX Info: Redefining \Cref on input line 2370.
LaTeX Info: Redefining \crefrange on input line 2370.
LaTeX Info: Redefining \Crefrange on input line 2370.
LaTeX Info: Redefining \cpageref on input line 2370.
LaTeX Info: Redefining \Cpageref on input line 2370.
LaTeX Info: Redefining \cpagerefrange on input line 2370.
LaTeX Info: Redefining \Cpagerefrange on input line 2370.
LaTeX Info: Redefining \labelcref on input line 2370.
LaTeX Info: Redefining \labelcpageref on input line 2370.
Package cleveref Info: `amsthm' support loaded on input line 3026.
Package cleveref Info: `algorithmicx' support loaded on input line 3120.
Package cleveref Info: always capitalise cross-reference names on input line 78
30.
Package cleveref Info: include cross-reference names in hyperlinks on input lin
e 7836.
Package cleveref Info: include cross-reference names in hyperlinks on input lin
e 7852.
Package cleveref Info: always capitalise cross-reference names on input line 78
52.
)
==> First Aid for cleveref.sty applied!
(/usr/local/texlive/2026/texmf-dist/tex/latex/fancyhdr/fancyhdr.sty
Package: fancyhdr 2025/02/07 v5.2 Extensive control of page headers and footers

\f@nch@headwidth=\skip67
\f@nch@offset@elh=\skip68
\f@nch@offset@erh=\skip69
\f@nch@offset@olh=\skip70
\f@nch@offset@orh=\skip71
\f@nch@offset@elf=\skip72
\f@nch@offset@erf=\skip73
\f@nch@offset@olf=\skip74
\f@nch@offset@orf=\skip75
\f@nch@height=\skip76
\f@nch@footalignment=\skip77
\f@nch@widthL=\skip78
\f@nch@widthC=\skip79
\f@nch@widthR=\skip80
\@temptokenb=\toks54
)
(/usr/local/texlive/2026/texmf-dist/tex/latex/oberdiek/aliascnt.sty
Package: aliascnt 2018/09/07 v1.5 Alias counters (HO)
)
\c@theorem=\count361
\c@assumption=\count362
LaTeX Font Info:    Trying to load font information for T1+ntxtlf on input line
 116.

(/usr/local/texlive/2026/texmf-dist/tex/latex/newtx/t1ntxtlf.fd
File: t1ntxtlf.fd 2021/05/24 v1.1 font definition file for T1/ntx/tlf
)
LaTeX Font Info:    Font shape `T1/ntxtlf/m/n' will be
(Font)              scaled to size 10.0pt on input line 116.

(./tsfm_fisher.aux)
\openout1 = `tsfm_fisher.aux'.

LaTeX Font Info:    Checking defaults for OML/ntxmi/m/it on input line 116.
LaTeX Font Info:    Trying to load font information for OML+ntxmi on input line
 116.

(/usr/local/texlive/2026/texmf-dist/tex/latex/newtx/omlntxmi.fd
File: omlntxmi.fd 2015/08/25 Fontinst v1.933 font definitions for OML/ntxmi.
)
LaTeX Font Info:    ... okay on input line 116.
LaTeX Font Info:    Checking defaults for OMS/cmsy/m/n on input line 116.
LaTeX Font Info:    ... okay on input line 116.
LaTeX Font Info:    Checking defaults for OT1/cmr/m/n on input line 116.
LaTeX Font Info:    ... okay on input line 116.
LaTeX Font Info:    Checking defaults for T1/cmr/m/n on input line 116.
LaTeX Font Info:    ... okay on input line 116.
LaTeX Font Info:    Checking defaults for TS1/cmr/m/n on input line 116.
LaTeX Font Info:    ... okay on input line 116.
LaTeX Font Info:    Checking defaults for OMX/cmex/m/n on input line 116.
LaTeX Font Info:    ... okay on input line 116.
LaTeX Font Info:    Checking defaults for U/ntxexa/m/n on input line 116.
LaTeX Font Info:    Trying to load font information for U+ntxexa on input line 
116.

(/usr/local/texlive/2026/texmf-dist/tex/latex/newtx/untxexa.fd
File: untxexa.fd 2012/04/16 Fontinst v1.933 font definitions for U/ntxexa.
)
LaTeX Font Info:    ... okay on input line 116.
LaTeX Font Info:    Checking defaults for LMS/ntxsy/m/n on input line 116.
LaTeX Font Info:    Trying to load font information for LMS+ntxsy on input line
 116.

(/usr/local/texlive/2026/texmf-dist/tex/latex/newtx/lmsntxsy.fd
File: lmsntxsy.fd 2016/07/02 Fontinst v1.933 font definitions for LMS/ntxsy.
)
LaTeX Font Info:    ... okay on input line 116.
LaTeX Font Info:    Checking defaults for LMX/ntxexx/m/n on input line 116.
LaTeX Font Info:    Trying to load font information for LMX+ntxexx on input lin
e 116.

(/usr/local/texlive/2026/texmf-dist/tex/latex/newtx/lmxntxexx.fd
File: lmxntxexx.fd 2016/07/03 Fontinst v1.933 font definitions for LMX/ntxexx.
)
LaTeX Font Info:    ... okay on input line 116.
LaTeX Font Info:    Checking defaults for PD1/pdf/m/n on input line 116.
LaTeX Font Info:    ... okay on input line 116.
LaTeX Font Info:    Checking defaults for PU/pdf/m/n on input line 116.
LaTeX Font Info:    ... okay on input line 116.

*geometry* driver: auto-detecting
*geometry* detected driver: pdftex
*geometry* verbose mode - [ preamble ] result:
* driver: pdftex
* paper: letterpaper
* layout: <same size as paper>
* layoutoffset:(h,v)=(0.0pt,0.0pt)
* modes: 
* h-part:(L,W,R)=(72.26999pt, 469.75502pt, 72.26999pt)
* v-part:(T,H,B)=(72.26999pt, 650.43001pt, 72.26999pt)
* \paperwidth=614.295pt
* \paperheight=794.96999pt
* \textwidth=469.75502pt
* \textheight=650.43001pt
* \oddsidemargin=0.0pt
* \evensidemargin=0.0pt
* \topmargin=-37.0pt
* \headheight=12.0pt
* \headsep=25.0pt
* \topskip=10.0pt
* \footskip=30.0pt
* \marginparwidth=65.0pt
* \marginparsep=11.0pt
* \columnsep=10.0pt
* \skip\footins=9.0pt plus 4.0pt minus 2.0pt
* \hoffset=0.0pt
* \voffset=0.0pt
* \mag=1000
* \@twocolumnfalse
* \@twosidefalse
* \@mparswitchfalse
* \@reversemarginfalse
* (1in=72.27pt=25.4mm, 1cm=28.453pt)

LaTeX Info: Command `\dddot' is already robust on input line 116.
LaTeX Info: Command `\ddddot' is already robust on input line 116.
(/usr/local/texlive/2026/texmf-dist/tex/context/base/mkii/supp-pdf.mkii
[Loading MPS to PDF converter (version 2006.09.02).]
\scratchcounter=\count363
\scratchdimen=\dimen321
\scratchbox=\box73
\nofMPsegments=\count364
\nofMParguments=\count365
\everyMPshowfont=\toks55
\MPscratchCnt=\count366
\MPscratchDim=\dimen322
\MPnumerator=\count367
\makeMPintoPDFobject=\count368
\everyMPtoPDFconversion=\toks56
) (/usr/local/texlive/2026/texmf-dist/tex/latex/epstopdf-pkg/epstopdf-base.sty
Package: epstopdf-base 2020-01-24 v2.11 Base part for package epstopdf
Package epstopdf-base Info: Redefining graphics rule for `.eps' on input line 4
85.

(/usr/local/texlive/2026/texmf-dist/tex/latex/latexconfig/epstopdf-sys.cfg
File: epstopdf-sys.cfg 2010/07/13 v1.3 Configuration of (r)epstopdf for TeX Liv
e
))
\c@mv@tabular=\count369
\c@mv@boldtabular=\count370
LaTeX Info: Redefining \microtypecontext on input line 116.
Package microtype Info: Applying patch `item' on input line 116.
Package microtype Info: Applying patch `toc' on input line 116.
Package microtype Info: Applying patch `eqnum' on input line 116.
Package microtype Info: Applying patch `footnote' on input line 116.
Package microtype Info: Applying patch `verbatim' on input line 116.
LaTeX Info: Redefining \microtypesetup on input line 116.
Package microtype Info: Generating PDF output.
Package microtype Info: Character protrusion enabled (level 2).
Package microtype Info: Using default protrusion set `alltext'.
Package microtype Info: Automatic font expansion enabled (level 2),
(microtype)             stretch: 20, shrink: 20, step: 1, non-selected.
Package microtype Info: Using default expansion set `alltext-nott'.
Package microtype Info: Patching command `\showhyphens'.
Package microtype Info: No adjustment of tracking.
Package microtype Info: No adjustment of interword spacing.
Package microtype Info: No adjustment of character kerning.

(/usr/local/texlive/2026/texmf-dist/tex/latex/microtype/mt-ptm.cfg
File: mt-ptm.cfg 2006/04/20 v1.7 microtype config. file: Times (RS)
)
Package hyperref Info: Link coloring ON on input line 116.

(./tsfm_fisher.out) (./tsfm_fisher.out)
\@outlinefile=\write4
\openout4 = `tsfm_fisher.out'.

LaTeX Font Info:    Font shape `T1/ntxtlf/m/n' will be
(Font)              scaled to size 17.28pt on input line 127.
LaTeX Font Info:    Font shape `T1/ntxtlf/b/n' will be
(Font)              scaled to size 17.28pt on input line 127.
LaTeX Font Info:    Font shape `T1/ntxtlf/b/n' will be
(Font)              scaled to size 12.0pt on input line 127.
LaTeX Font Info:    Font shape `T1/ntxtlf/m/n' will be
(Font)              scaled to size 12.0pt on input line 127.
LaTeX Font Info:    Trying to load font information for OT1+minntx on input lin
e 127.

(/usr/local/texlive/2026/texmf-dist/tex/latex/newtx/ot1minntx.fd
File: ot1minntx.fd 2023/09/09 v1.1 font definition file for OT1/minntx
)
LaTeX Font Info:    Font shape `OT1/minntx/m/n' will be
(Font)              scaled to size 12.0pt on input line 127.
Package microtype Info: Loading generic protrusion settings for font family
(microtype)             `minntx' (encoding: OT1).
(microtype)             For optimal results, create family-specific settings.
(microtype)             See the microtype manual for details.
LaTeX Font Info:    Font shape `OT1/minntx/m/n' will be
(Font)              scaled to size 8.8pt on input line 127.
LaTeX Font Info:    Font shape `OT1/minntx/m/n' will be
(Font)              scaled to size 6.6pt on input line 127.
LaTeX Font Info:    Font shape `OML/ntxmi/m/it' will be
(Font)              scaled to size 12.0pt on input line 127.
LaTeX Font Info:    Font shape `OML/ntxmi/m/it' will be
(Font)              scaled to size 8.8pt on input line 127.
LaTeX Font Info:    Font shape `OML/ntxmi/m/it' will be
(Font)              scaled to size 6.6pt on input line 127.
LaTeX Font Info:    Font shape `LMS/ntxsy/m/n' will be
(Font)              scaled to size 12.0pt on input line 127.
LaTeX Font Info:    Font shape `LMS/ntxsy/m/n' will be
(Font)              scaled to size 8.8pt on input line 127.
LaTeX Font Info:    Font shape `LMS/ntxsy/m/n' will be
(Font)              scaled to size 6.6pt on input line 127.
LaTeX Font Info:    Font shape `LMX/ntxexx/m/n' will be
(Font)              scaled to size 12.0pt on input line 127.
LaTeX Font Info:    Font shape `LMX/ntxexx/m/n' will be
(Font)              scaled to size 8.8pt on input line 127.
LaTeX Font Info:    Font shape `LMX/ntxexx/m/n' will be
(Font)              scaled to size 6.6pt on input line 127.
LaTeX Font Info:    Trying to load font information for U+msa on input line 127
.

(/usr/local/texlive/2026/texmf-dist/tex/latex/amsfonts/umsa.fd
File: umsa.fd 2013/01/14 v3.01 AMS symbols A
)
(/usr/local/texlive/2026/texmf-dist/tex/latex/microtype/mt-msa.cfg
File: mt-msa.cfg 2006/02/04 v1.1 microtype config. file: AMS symbols (a) (RS)
)
LaTeX Font Info:    Trying to load font information for U+msb on input line 127
.

(/usr/local/texlive/2026/texmf-dist/tex/latex/amsfonts/umsb.fd
File: umsb.fd 2013/01/14 v3.01 AMS symbols B
)
(/usr/local/texlive/2026/texmf-dist/tex/latex/microtype/mt-msb.cfg
File: mt-msb.cfg 2005/06/01 v1.0 microtype config. file: AMS symbols (b) (RS)
)
(/usr/local/texlive/2026/texmf-dist/tex/latex/microtype/mt-cmr.cfg
File: mt-cmr.cfg 2013/05/19 v2.2 microtype config. file: Computer Modern Roman 
(RS)
)
LaTeX Font Info:    Trying to load font information for U+ntxmia on input line 
127.

(/usr/local/texlive/2026/texmf-dist/tex/latex/newtx/untxmia.fd
File: untxmia.fd 2024/04/09 Fontinst v1.933 font definitions for U/ntxmia.
)
LaTeX Font Info:    Font shape `U/ntxmia/m/it' will be
(Font)              scaled to size 12.0pt on input line 127.
LaTeX Font Info:    Font shape `U/ntxmia/m/it' will be
(Font)              scaled to size 8.8pt on input line 127.
LaTeX Font Info:    Font shape `U/ntxmia/m/it' will be
(Font)              scaled to size 6.6pt on input line 127.
LaTeX Font Info:    Trying to load font information for U+ntxsym on input line 
127.

(/usr/local/texlive/2026/texmf-dist/tex/latex/newtx/untxsym.fd
File: untxsym.fd 2023/08/16 Fontinst v1.933 font definitions for U/ntxsym.
)
LaTeX Font Info:    Font shape `U/ntxsym/m/n' will be
(Font)              scaled to size 12.0pt on input line 127.
LaTeX Font Info:    Font shape `U/ntxsym/m/n' will be
(Font)              scaled to size 8.8pt on input line 127.
LaTeX Font Info:    Font shape `U/ntxsym/m/n' will be
(Font)              scaled to size 6.6pt on input line 127.
LaTeX Font Info:    Trying to load font information for U+ntxsyc on input line 
127.

(/usr/local/texlive/2026/texmf-dist/tex/latex/newtx/untxsyc.fd
File: untxsyc.fd 2012/04/12 Fontinst v1.933 font definitions for U/ntxsyc.
)
LaTeX Font Info:    Font shape `U/ntxsyc/m/n' will be
(Font)              scaled to size 12.0pt on input line 127.
LaTeX Font Info:    Font shape `U/ntxsyc/m/n' will be
(Font)              scaled to size 8.8pt on input line 127.
LaTeX Font Info:    Font shape `U/ntxsyc/m/n' will be
(Font)              scaled to size 6.6pt on input line 127.
LaTeX Font Info:    Font shape `U/ntxexa/m/n' will be
(Font)              scaled to size 12.0pt on input line 127.
LaTeX Font Info:    Font shape `U/ntxexa/m/n' will be
(Font)              scaled to size 8.8pt on input line 127.
LaTeX Font Info:    Font shape `U/ntxexa/m/n' will be
(Font)              scaled to size 6.6pt on input line 127.
LaTeX Font Info:    Font shape `T1/ntxtlf/m/sc' will be
(Font)              scaled to size 10.0pt on input line 127.
Package microtype Info: Character `029' is missing
(microtype)             in font `T1/ntxtlf/m/sc/10'.
(microtype)             Ignoring protrusion settings for this character.
LaTeX Font Info:    Font shape `T1/ntxtlf/m/it' will be
(Font)              scaled to size 10.0pt on input line 127.
LaTeX Font Info:    Font shape `T1/ntxtlf/m/n' will be
(Font)              scaled to size 9.0pt on input line 129.
LaTeX Font Info:    Font shape `T1/ntxtlf/b/n' will be
(Font)              scaled to size 9.0pt on input line 129.
LaTeX Font Info:    Font shape `T1/ntxtlf/m/sc' will be
(Font)              scaled to size 9.0pt on input line 130.
Package microtype Info: Character `029' is missing
(microtype)             in font `T1/ntxtlf/m/sc/9'.
(microtype)             Ignoring protrusion settings for this character.
LaTeX Font Info:    Font shape `T1/ntxtlf/m/it' will be
(Font)              scaled to size 9.0pt on input line 134.
LaTeX Font Info:    Font shape `OT1/minntx/m/n' will be
(Font)              scaled to size 9.0pt on input line 139.
LaTeX Font Info:    Font shape `OT1/minntx/m/n' will be
(Font)              scaled to size 5.5pt on input line 139.
LaTeX Font Info:    Font shape `OML/ntxmi/m/it' will be
(Font)              scaled to size 9.0pt on input line 139.
LaTeX Font Info:    Font shape `OML/ntxmi/m/it' will be
(Font)              scaled to size 5.5pt on input line 139.
LaTeX Font Info:    Font shape `LMS/ntxsy/m/n' will be
(Font)              scaled to size 9.0pt on input line 139.
LaTeX Font Info:    Font shape `LMS/ntxsy/m/n' will be
(Font)              scaled to size 5.5pt on input line 139.
LaTeX Font Info:    Font shape `LMX/ntxexx/m/n' will be
(Font)              scaled to size 9.0pt on input line 139.
LaTeX Font Info:    Font shape `LMX/ntxexx/m/n' will be
(Font)              scaled to size 5.5pt on input line 139.


LaTeX Font Warning: Font shape `OT1/cmr/bx/n' in size <5.5> not available
(Font)              size <5> substituted on input line 139.


LaTeX Font Warning: Font shape `OML/cmm/b/it' in size <5.5> not available
(Font)              size <5> substituted on input line 139.


LaTeX Font Warning: Font shape `OMS/cmsy/b/n' in size <5.5> not available
(Font)              size <5> substituted on input line 139.

LaTeX Font Info:    Font shape `U/ntxmia/m/it' will be
(Font)              scaled to size 9.0pt on input line 139.
LaTeX Font Info:    Font shape `U/ntxmia/m/it' will be
(Font)              scaled to size 5.5pt on input line 139.
LaTeX Font Info:    Font shape `U/ntxsym/m/n' will be
(Font)              scaled to size 9.0pt on input line 139.
LaTeX Font Info:    Font shape `U/ntxsym/m/n' will be
(Font)              scaled to size 5.5pt on input line 139.
LaTeX Font Info:    Font shape `U/ntxsyc/m/n' will be
(Font)              scaled to size 9.0pt on input line 139.
LaTeX Font Info:    Font shape `U/ntxsyc/m/n' will be
(Font)              scaled to size 5.5pt on input line 139.
LaTeX Font Info:    Font shape `U/ntxexa/m/n' will be
(Font)              scaled to size 9.0pt on input line 139.
LaTeX Font Info:    Font shape `U/ntxexa/m/n' will be
(Font)              scaled to size 5.5pt on input line 139.
[1

{/usr/local/texlive/2026/texmf-var/fonts/map/pdftex/updmap/pdftex.map}{/usr/loc
al/texlive/2026/texmf-dist/fonts/enc/dvips/newtx/ntx-ec-tlf.enc}{/usr/local/tex
live/2026/texmf-dist/fonts/enc/dvips/newtx/ntx-ec-tlf-pc.enc}{/usr/local/texliv
e/2026/texmf-dist/fonts/enc/dvips/newtx/ntx-ot1-tlf.enc}]
LaTeX Font Info:    Font shape `T1/ntxtlf/m/n' will be
(Font)              scaled to size 14.4pt on input line 203.
LaTeX Font Info:    Font shape `T1/ntxtlf/b/n' will be
(Font)              scaled to size 14.4pt on input line 203.
LaTeX Font Info:    Font shape `OT1/minntx/m/n' will be
(Font)              scaled to size 10.0pt on input line 235.
LaTeX Font Info:    Font shape `OT1/minntx/m/n' will be
(Font)              scaled to size 7.3pt on input line 235.
LaTeX Font Info:    Font shape `OML/ntxmi/m/it' will be
(Font)              scaled to size 10.0pt on input line 235.
LaTeX Font Info:    Font shape `OML/ntxmi/m/it' will be
(Font)              scaled to size 7.3pt on input line 235.
LaTeX Font Info:    Font shape `LMS/ntxsy/m/n' will be
(Font)              scaled to size 10.0pt on input line 235.
LaTeX Font Info:    Font shape `LMS/ntxsy/m/n' will be
(Font)              scaled to size 7.3pt on input line 235.
LaTeX Font Info:    Font shape `LMX/ntxexx/m/n' will be
(Font)              scaled to size 10.0pt on input line 235.
LaTeX Font Info:    Font shape `LMX/ntxexx/m/n' will be
(Font)              scaled to size 7.3pt on input line 235.
LaTeX Font Info:    Font shape `U/ntxmia/m/it' will be
(Font)              scaled to size 10.0pt on input line 235.
LaTeX Font Info:    Font shape `U/ntxmia/m/it' will be
(Font)              scaled to size 7.3pt on input line 235.
LaTeX Font Info:    Font shape `U/ntxsym/m/n' will be
(Font)              scaled to size 10.0pt on input line 235.
LaTeX Font Info:    Font shape `U/ntxsym/m/n' will be
(Font)              scaled to size 7.3pt on input line 235.
LaTeX Font Info:    Font shape `U/ntxsyc/m/n' will be
(Font)              scaled to size 10.0pt on input line 235.
LaTeX Font Info:    Font shape `U/ntxsyc/m/n' will be
(Font)              scaled to size 7.3pt on input line 235.
LaTeX Font Info:    Font shape `U/ntxexa/m/n' will be
(Font)              scaled to size 10.0pt on input line 235.
LaTeX Font Info:    Font shape `U/ntxexa/m/n' will be
(Font)              scaled to size 7.3pt on input line 235.

Underfull \hbox (badness 10000) in paragraph at lines 271--272
[]\T1/ntxtlf/m/n/9 (+20) Governing Fisher
 []

LaTeX Font Info:    Font shape `T1/ntxtlf/b/n' will be
(Font)              scaled to size 10.0pt on input line 284.
LaTeX Font Info:    Font shape `T1/ntxtlf/m/n' will be
(Font)              scaled to size 8.0pt on input line 306.
LaTeX Font Info:    Font shape `T1/ntxtlf/m/sc' will be
(Font)              scaled to size 8.0pt on input line 306.
Package microtype Info: Character `029' is missing
(microtype)             in font `T1/ntxtlf/m/sc/8'.
(microtype)             Ignoring protrusion settings for this character.
[2]
LaTeX Font Info:    Font shape `T1/ntxtlf/m/n' will be
(Font)              scaled to size 7.3pt on input line 308.
LaTeX Font Info:    Font shape `T1/ntxtlf/m/n' will be
(Font)              scaled to size 5.5pt on input line 308.
LaTeX Font Info:    Font shape `T1/ntxtlf/m/it' will be
(Font)              scaled to size 8.0pt on input line 327.
LaTeX Font Info:    Font shape `T1/ntxtlf/m/scit' will be
(Font)              scaled to size 8.0pt on input line 327.
 [3]
LaTeX Font Info:    Trying to load font information for OT1+qhv on input line 4
61.
 (/usr/local/texlive/2026/texmf-dist/tex/latex/tex-gyre/ot1qhv.fd
File: ot1qhv.fd 2009/09/25 v1.2 font definition file for OT1/qhv
)
LaTeX Font Info:    Font shape `OT1/qhv/m/n' will be
(Font)              scaled to size 9.40002pt on input line 461.
Package microtype Info: Loading generic protrusion settings for font family
(microtype)             `qhv' (encoding: OT1).
(microtype)             For optimal results, create family-specific settings.
(microtype)             See the microtype manual for details.
LaTeX Font Info:    Font shape `OT1/qhv/m/n' will be
(Font)              scaled to size 6.86201pt on input line 461.
LaTeX Font Info:    Font shape `OT1/qhv/m/n' will be
(Font)              scaled to size 5.17001pt on input line 461.

[4{/usr/local/texlive/2026/texmf-dist/fonts/enc/dvips/tex-gyre/q-rm.enc}]
LaTeX Font Info:    Font shape `T1/ntxtlf/m/scit' will be
(Font)              scaled to size 10.0pt on input line 485.

Overfull \hbox (11.00554pt too wide) in paragraph at lines 537--541
[]\T1/ntxtlf/b/n/10 (-20) Proposition 2.3 \T1/ntxtlf/m/n/10 (-20) (The sin-gle 
Fisher block)\T1/ntxtlf/b/n/10 (-20) . []\T1/ntxtlf/m/it/10 (-20) Un-der stan-d
ard reg-u-lar-ity the \T1/ntxtlf/m/scit/10 (-20) tsfm \T1/ntxtlf/m/it/10 (-20) 
log-likelihood is $\OML/ntxmi/m/it/10 `[]\LMS/ntxsy/m/n/10 ¹\OML/ntxmi/m/it/10 
^^R\LMS/ntxsy/m/n/10 º \U/ntxmia/m/it/10 = [][] [] \OML/ntxmi/m/it/10 P[]\LMS/n
txsy/m/n/10 ¹\OML/ntxmi/m/it/10 O[] \LMS/ntxsy/m/n/10 j \OML/ntxmi/m/it/10 H[]\
LMS/ntxsy/m/n/10 º$\T1/ntxtlf/m/it/10 (-20) ;
 []

LaTeX Font Info:    Font shape `T1/ntxtlf/m/it' will be
(Font)              scaled to size 7.3pt on input line 543.
LaTeX Font Info:    Font shape `T1/ntxtlf/m/it' will be
(Font)              scaled to size 5.5pt on input line 543.
[5] [6] [7] [8]
LaTeX Font Info:    Trying to load font information for T1+ntxtt on input line 
848.
 (/usr/local/texlive/2026/texmf-dist/tex/latex/newtx/t1ntxtt.fd
File: t1ntxtt.fd 2012/04/20 v3.1
)
LaTeX Font Info:    Font shape `T1/ntxtt/m/n' will be
(Font)              scaled to size 10.0pt on input line 848.
Package microtype Info: Loading generic protrusion settings for font family
(microtype)             `ntxtt' (encoding: T1).
(microtype)             For optimal results, create family-specific settings.
(microtype)             See the microtype manual for details.
[9]
LaTeX Font Info:    Font shape `OT1/qhv/m/n' will be
(Font)              scaled to size 8.46002pt on input line 929.
LaTeX Font Info:    Font shape `OT1/qhv/m/n' will be
(Font)              scaled to size 6.20401pt on input line 929.

Underfull \hbox (badness 10000) in paragraph at lines 935--935
[]\T1/ntxtlf/m/n/9 (+20) Stuart--Landau
 []

LaTeX Font Info:    Font shape `T1/ntxtlf/b/sc' will be
(Font)              scaled to size 12.0pt on input line 965.
Package microtype Info: Character `029' is missing
(microtype)             in font `T1/ntxtlf/b/sc/12'.
(microtype)             Ignoring protrusion settings for this character.
LaTeX Font Info:    Freeze math alphabet allocation in version normal.
(Font)              Allocated math groups: 14 (local: 2) on input line 969.
LaTeX Font Info:    Font shape `OT1/minntx/b/n' will be
(Font)              scaled to size 10.0pt on input line 969.
LaTeX Font Info:    Font shape `OT1/minntx/b/n' will be
(Font)              scaled to size 7.3pt on input line 969.
LaTeX Font Info:    Font shape `OT1/minntx/b/n' will be
(Font)              scaled to size 5.5pt on input line 969.
LaTeX Font Info:    Undo math alphabet allocation in version normal on input li
ne 969.
LaTeX Font Info:    Undo math alphabet allocation in version normal on input li
ne 969.
LaTeX Font Info:    No math alphabet change to frozen version normal on input l
ine 970.
LaTeX Font Info:    No math alphabet change to frozen version normal on input l
ine 970.
LaTeX Font Info:    No math alphabet change to frozen version normal on input l
ine 971.
LaTeX Font Info:    No math alphabet change to frozen version normal on input l
ine 971.
LaTeX Font Info:    No math alphabet change to frozen version normal on input l
ine 972.
LaTeX Font Info:    No math alphabet change to frozen version normal on input l
ine 973.
LaTeX Font Info:    No math alphabet change to frozen version normal on input l
ine 973.
LaTeX Font Info:    No math alphabet change to frozen version normal on input l
ine 975.
LaTeX Font Info:    No math alphabet change to frozen version normal on input l
ine 975.
LaTeX Font Info:    Nested math: keeping math alphabet allocation in version no
rmal on input line 977.
LaTeX Font Info:    Nested math: keeping math alphabet allocation in version no
rmal on input line 977.
LaTeX Font Info:    Nested math: keeping math alphabet allocation in version no
rmal on input line 977.
LaTeX Font Info:    Nested math: keeping math alphabet allocation in version no
rmal on input line 977.
LaTeX Font Info:    Nested math: keeping math alphabet allocation in version no
rmal on input line 979.
LaTeX Font Info:    Nested math: keeping math alphabet allocation in version no
rmal on input line 979.
LaTeX Font Info:    Nested math: keeping math alphabet allocation in version no
rmal on input line 980.
LaTeX Font Info:    Nested math: keeping math alphabet allocation in version no
rmal on input line 980.
LaTeX Font Info:    Undo math alphabet allocation in version normal on input li
ne 982.
LaTeX Font Info:    No math alphabet change to frozen version normal on input l
ine 982.
LaTeX Font Info:    Undo math alphabet allocation in version normal on input li
ne 983.
LaTeX Font Info:    Nested math: keeping math alphabet allocation in version no
rmal on input line 1002.
LaTeX Font Info:    Nested math: keeping math alphabet allocation in version no
rmal on input line 1003.
LaTeX Font Info:    Nested math: keeping math alphabet allocation in version no
rmal on input line 1003.
LaTeX Font Info:    Nested math: keeping math alphabet allocation in version no
rmal on input line 1003.
LaTeX Font Info:    Nested math: keeping math alphabet allocation in version no
rmal on input line 1004.
LaTeX Font Info:    Nested math: keeping math alphabet allocation in version no
rmal on input line 1004.
LaTeX Font Info:    Nested math: keeping math alphabet allocation in version no
rmal on input line 1004.
LaTeX Font Info:    Nested math: keeping math alphabet allocation in version no
rmal on input line 1005.
LaTeX Font Info:    Nested math: keeping math alphabet allocation in version no
rmal on input line 1005.
LaTeX Font Info:    Nested math: keeping math alphabet allocation in version no
rmal on input line 1005.
LaTeX Font Info:    Nested math: keeping math alphabet allocation in version no
rmal on input line 1006.
LaTeX Font Info:    Nested math: keeping math alphabet allocation in version no
rmal on input line 1006.
LaTeX Font Info:    Nested math: keeping math alphabet allocation in version no
rmal on input line 1006.
LaTeX Font Info:    Nested math: keeping math alphabet allocation in version no
rmal on input line 1008.
LaTeX Font Info:    Nested math: keeping math alphabet allocation in version no
rmal on input line 1008.
LaTeX Font Info:    Nested math: keeping math alphabet allocation in version no
rmal on input line 1008.
LaTeX Font Info:    Nested math: keeping math alphabet allocation in version no
rmal on input line 1009.
LaTeX Font Info:    Nested math: keeping math alphabet allocation in version no
rmal on input line 1009.
LaTeX Font Info:    Nested math: keeping math alphabet allocation in version no
rmal on input line 1009.
LaTeX Font Info:    Nested math: keeping math alphabet allocation in version no
rmal on input line 1009.
LaTeX Font Info:    Nested math: keeping math alphabet allocation in version no
rmal on input line 1010.
LaTeX Font Info:    Nested math: keeping math alphabet allocation in version no
rmal on input line 1010.
LaTeX Font Info:    Nested math: keeping math alphabet allocation in version no
rmal on input line 1011.
LaTeX Font Info:    Nested math: keeping math alphabet allocation in version no
rmal on input line 1012.
LaTeX Font Info:    Nested math: keeping math alphabet allocation in version no
rmal on input line 1012.
LaTeX Font Info:    Nested math: keeping math alphabet allocation in version no
rmal on input line 1013.
LaTeX Font Info:    Nested math: keeping math alphabet allocation in version no
rmal on input line 1013.
LaTeX Font Info:    Nested math: keeping math alphabet allocation in version no
rmal on input line 1013.
LaTeX Font Info:    Nested math: keeping math alphabet allocation in version no
rmal on input line 1013.
LaTeX Font Info:    Nested math: keeping math alphabet allocation in version no
rmal on input line 1013.
LaTeX Font Info:    Nested math: keeping math alphabet allocation in version no
rmal on input line 1013.
LaTeX Font Info:    Nested math: keeping math alphabet allocation in version no
rmal on input line 1014.
LaTeX Font Info:    Nested math: keeping math alphabet allocation in version no
rmal on input line 1014.
LaTeX Font Info:    No math alphabet change to frozen version normal on input l
ine 1016.
LaTeX Font Info:    No math alphabet change to frozen version normal on input l
ine 1023.
LaTeX Font Info:    No math alphabet change to frozen version normal on input l
ine 1024.
[10]
LaTeX Font Info:    No math alphabet change to frozen version normal on input l
ine 1039.
LaTeX Font Info:    No math alphabet change to frozen version normal on input l
ine 1040.
LaTeX Font Info:    No math alphabet change to frozen version normal on input l
ine 1041.
LaTeX Font Info:    No math alphabet change to frozen version normal on input l
ine 1041.
LaTeX Font Info:    No math alphabet change to frozen version normal on input l
ine 1041.
LaTeX Font Info:    No math alphabet change to frozen version normal on input l
ine 1043.
LaTeX Font Info:    No math alphabet change to frozen version normal on input l
ine 1044.
LaTeX Font Info:    No math alphabet change to frozen version normal on input l
ine 1045.
LaTeX Font Info:    No math alphabet change to frozen version normal on input l
ine 1045.
LaTeX Font Info:    No math alphabet change to frozen version normal on input l
ine 1045.
LaTeX Font Info:    No math alphabet change to frozen version normal on input l
ine 1046.
LaTeX Font Info:    No math alphabet change to frozen version normal on input l
ine 1046.
LaTeX Font Info:    Nested math: keeping math alphabet allocation in version no
rmal on input line 1048.
LaTeX Font Info:    Nested math: keeping math alphabet allocation in version no
rmal on input line 1048.
LaTeX Font Info:    No math alphabet change to frozen version normal on input l
ine 1049.
LaTeX Font Info:    Nested math: keeping math alphabet allocation in version no
rmal on input line 1050.
LaTeX Font Info:    Nested math: keeping math alphabet allocation in version no
rmal on input line 1051.
LaTeX Font Info:    No math alphabet change to frozen version normal on input l
ine 1051.
LaTeX Font Info:    No math alphabet change to frozen version normal on input l
ine 1051.
LaTeX Font Info:    No math alphabet change to frozen version normal on input l
ine 1052.
LaTeX Font Info:    No math alphabet change to frozen version normal on input l
ine 1056.
LaTeX Font Info:    Undo math alphabet allocation in version normal on input li
ne 1057.
LaTeX Font Info:    No math alphabet change to frozen version normal on input l
ine 1058.
LaTeX Font Info:    No math alphabet change to frozen version normal on input l
ine 1059.
LaTeX Font Info:    No math alphabet change to frozen version normal on input l
ine 1064.
LaTeX Font Info:    No math alphabet change to frozen version normal on input l
ine 1065.
LaTeX Font Info:    No math alphabet change to frozen version normal on input l
ine 1065.
LaTeX Font Info:    No math alphabet change to frozen version normal on input l
ine 1066.
LaTeX Font Info:    No math alphabet change to frozen version normal on input l
ine 1067.
LaTeX Font Info:    No math alphabet change to frozen version normal on input l
ine 1068.
LaTeX Font Info:    No math alphabet change to frozen version normal on input l
ine 1068.
LaTeX Font Info:    No math alphabet change to frozen version normal on input l
ine 1068.
LaTeX Font Info:    No math alphabet change to frozen version normal on input l
ine 1069.
LaTeX Font Info:    No math alphabet change to frozen version normal on input l
ine 1071.
LaTeX Font Info:    No math alphabet change to frozen version normal on input l
ine 1072.
LaTeX Font Info:    No math alphabet change to frozen version normal on input l
ine 1072.
LaTeX Font Info:    No math alphabet change to frozen version normal on input l
ine 1072.
LaTeX Font Info:    No math alphabet change to frozen version normal on input l
ine 1073.
LaTeX Font Info:    No math alphabet change to frozen version normal on input l
ine 1073.
LaTeX Font Info:    No math alphabet change to frozen version normal on input l
ine 1074.
LaTeX Font Info:    No math alphabet change to frozen version normal on input l
ine 1074.
LaTeX Font Info:    No math alphabet change to frozen version normal on input l
ine 1076.
LaTeX Font Info:    No math alphabet change to frozen version normal on input l
ine 1076.
 [11]
LaTeX Font Info:    No math alphabet change to frozen version normal on input l
ine 1083.
LaTeX Font Info:    No math alphabet change to frozen version normal on input l
ine 1095.
LaTeX Font Info:    No math alphabet change to frozen version normal on input l
ine 1095.
LaTeX Font Info:    No math alphabet change to frozen version normal on input l
ine 1095.
LaTeX Font Info:    No math alphabet change to frozen version normal on input l
ine 1095.
LaTeX Font Info:    No math alphabet change to frozen version normal on input l
ine 1095.
LaTeX Font Info:    No math alphabet change to frozen version normal on input l
ine 1095.
LaTeX Font Info:    No math alphabet change to frozen version normal on input l
ine 1095.
LaTeX Font Info:    No math alphabet change to frozen version normal on input l
ine 1095.
LaTeX Font Info:    No math alphabet change to frozen version normal on input l
ine 1095.
LaTeX Font Info:    No math alphabet change to frozen version normal on input l
ine 1095.
LaTeX Font Info:    No math alphabet change to frozen version normal on input l
ine 1095.
LaTeX Font Info:    No math alphabet change to frozen version normal on input l
ine 1095.
LaTeX Font Info:    Nested math: keeping math alphabet allocation in version no
rmal on input line 1099.
LaTeX Font Info:    Nested math: keeping math alphabet allocation in version no
rmal on input line 1099.
LaTeX Font Info:    Nested math: keeping math alphabet allocation in version no
rmal on input line 1099.
LaTeX Font Info:    Nested math: keeping math alphabet allocation in version no
rmal on input line 1099.
LaTeX Font Info:    Nested math: keeping math alphabet allocation in version no
rmal on input line 1099.
LaTeX Font Info:    Nested math: keeping math alphabet allocation in version no
rmal on input line 1101.
LaTeX Font Info:    Nested math: keeping math alphabet allocation in version no
rmal on input line 1101.
LaTeX Font Info:    Nested math: keeping math alphabet allocation in version no
rmal on input line 1101.
LaTeX Font Info:    Nested math: keeping math alphabet allocation in version no
rmal on input line 1102.
LaTeX Font Info:    Nested math: keeping math alphabet allocation in version no
rmal on input line 1102.
LaTeX Font Info:    Nested math: keeping math alphabet allocation in version no
rmal on input line 1102.
LaTeX Font Info:    Nested math: keeping math alphabet allocation in version no
rmal on input line 1102.
LaTeX Font Info:    Nested math: keeping math alphabet allocation in version no
rmal on input line 1103.
LaTeX Font Info:    Nested math: keeping math alphabet allocation in version no
rmal on input line 1103.
LaTeX Font Info:    Nested math: keeping math alphabet allocation in version no
rmal on input line 1104.
LaTeX Font Info:    Font shape `T1/ntxtlf/m/n' will be
(Font)              scaled to size 6.6pt on input line 1104.
LaTeX Font Info:    Nested math: keeping math alphabet allocation in version no
rmal on input line 1104.
LaTeX Font Info:    Nested math: keeping math alphabet allocation in version no
rmal on input line 1104.
LaTeX Font Info:    Nested math: keeping math alphabet allocation in version no
rmal on input line 1104.
LaTeX Font Info:    Nested math: keeping math alphabet allocation in version no
rmal on input line 1105.
LaTeX Font Info:    Nested math: keeping math alphabet allocation in version no
rmal on input line 1105.
LaTeX Font Info:    Nested math: keeping math alphabet allocation in version no
rmal on input line 1105.
LaTeX Font Info:    Nested math: keeping math alphabet allocation in version no
rmal on input line 1105.
LaTeX Font Info:    Nested math: keeping math alphabet allocation in version no
rmal on input line 1105.
LaTeX Font Info:    Nested math: keeping math alphabet allocation in version no
rmal on input line 1105.
LaTeX Font Info:    Nested math: keeping math alphabet allocation in version no
rmal on input line 1105.
LaTeX Font Info:    Nested math: keeping math alphabet allocation in version no
rmal on input line 1105.
LaTeX Font Info:    Nested math: keeping math alphabet allocation in version no
rmal on input line 1105.
LaTeX Font Info:    No math alphabet change to frozen version normal on input l
ine 1107.
LaTeX Font Info:    No math alphabet change to frozen version normal on input l
ine 1113.
LaTeX Font Info:    No math alphabet change to frozen version normal on input l
ine 1114.
LaTeX Font Info:    No math alphabet change to frozen version normal on input l
ine 1114.
LaTeX Font Info:    No math alphabet change to frozen version normal on input l
ine 1114.
LaTeX Font Info:    No math alphabet change to frozen version normal on input l
ine 1118.
LaTeX Font Info:    No math alphabet change to frozen version normal on input l
ine 1119.
LaTeX Font Info:    No math alphabet change to frozen version normal on input l
ine 1120.
LaTeX Font Info:    No math alphabet change to frozen version normal on input l
ine 1120.
LaTeX Font Info:    No math alphabet change to frozen version normal on input l
ine 1121.
LaTeX Font Info:    No math alphabet change to frozen version normal on input l
ine 1122.
LaTeX Font Info:    No math alphabet change to frozen version normal on input l
ine 1124.
LaTeX Font Info:    No math alphabet change to frozen version normal on input l
ine 1125.
LaTeX Font Info:    No math alphabet change to frozen version normal on input l
ine 1125.
LaTeX Font Info:    No math alphabet change to frozen version normal on input l
ine 1126.
LaTeX Font Info:    No math alphabet change to frozen version normal on input l
ine 1126.
LaTeX Font Info:    No math alphabet change to frozen version normal on input l
ine 1126.
LaTeX Font Info:    No math alphabet change to frozen version normal on input l
ine 1128.
LaTeX Font Info:    No math alphabet change to frozen version normal on input l
ine 1129.
LaTeX Font Info:    No math alphabet change to frozen version normal on input l
ine 1130.
LaTeX Font Info:    No math alphabet change to frozen version normal on input l
ine 1130.
LaTeX Font Info:    No math alphabet change to frozen version normal on input l
ine 1131.
LaTeX Font Info:    No math alphabet change to frozen version normal on input l
ine 1131.
LaTeX Font Info:    No math alphabet change to frozen version normal on input l
ine 1131.
LaTeX Font Info:    No math alphabet change to frozen version normal on input l
ine 1132.
LaTeX Font Info:    No math alphabet change to frozen version normal on input l
ine 1132.
LaTeX Font Info:    No math alphabet change to frozen version normal on input l
ine 1133.
LaTeX Font Info:    No math alphabet change to frozen version normal on input l
ine 1133.
LaTeX Font Info:    No math alphabet change to frozen version normal on input l
ine 1134.
LaTeX Font Info:    No math alphabet change to frozen version normal on input l
ine 1136.
LaTeX Font Info:    No math alphabet change to frozen version normal on input l
ine 1136.
LaTeX Font Info:    No math alphabet change to frozen version normal on input l
ine 1136.
LaTeX Font Info:    No math alphabet change to frozen version normal on input l
ine 1141.
LaTeX Font Info:    No math alphabet change to frozen version normal on input l
ine 1144.
LaTeX Font Info:    No math alphabet change to frozen version normal on input l
ine 1144.
LaTeX Font Info:    No math alphabet change to frozen version normal on input l
ine 1145.
LaTeX Font Info:    No math alphabet change to frozen version normal on input l
ine 1145.
LaTeX Font Info:    No math alphabet change to frozen version normal on input l
ine 1145.
LaTeX Font Info:    No math alphabet change to frozen version normal on input l
ine 1146.
LaTeX Font Info:    No math alphabet change to frozen version normal on input l
ine 1146.
LaTeX Font Info:    No math alphabet change to frozen version normal on input l
ine 1147.
LaTeX Font Info:    No math alphabet change to frozen version normal on input l
ine 1149.
LaTeX Font Info:    No math alphabet change to frozen version normal on input l
ine 1149.
LaTeX Font Info:    No math alphabet change to frozen version normal on input l
ine 1149.
LaTeX Font Info:    No math alphabet change to frozen version normal on input l
ine 1150.
LaTeX Font Info:    No math alphabet change to frozen version normal on input l
ine 1150.
LaTeX Font Info:    No math alphabet change to frozen version normal on input l
ine 1150.
LaTeX Font Info:    No math alphabet change to frozen version normal on input l
ine 1151.
LaTeX Font Info:    No math alphabet change to frozen version normal on input l
ine 1151.
LaTeX Font Info:    No math alphabet change to frozen version normal on input l
ine 1152.
LaTeX Font Info:    No math alphabet change to frozen version normal on input l
ine 1153.
LaTeX Font Info:    No math alphabet change to frozen version normal on input l
ine 1154.
LaTeX Font Info:    No math alphabet change to frozen version normal on input l
ine 1155.
LaTeX Font Info:    No math alphabet change to frozen version normal on input l
ine 1156.
LaTeX Font Info:    No math alphabet change to frozen version normal on input l
ine 1156.
LaTeX Font Info:    No math alphabet change to frozen version normal on input l
ine 1157.
LaTeX Font Info:    No math alphabet change to frozen version normal on input l
ine 1157.
LaTeX Font Info:    No math alphabet change to frozen version normal on input l
ine 1158.
LaTeX Font Info:    No math alphabet change to frozen version normal on input l
ine 1163.
LaTeX Font Info:    No math alphabet change to frozen version normal on input l
ine 1163.
LaTeX Font Info:    No math alphabet change to frozen version normal on input l
ine 1164.
LaTeX Font Info:    No math alphabet change to frozen version normal on input l
ine 1164.
LaTeX Font Info:    No math alphabet change to frozen version normal on input l
ine 1165.
LaTeX Font Info:    No math alphabet change to frozen version normal on input l
ine 1172.
 [12]
LaTeX Font Info:    No math alphabet change to frozen version normal on input l
ine 1175.
LaTeX Font Info:    Nested math: keeping math alphabet allocation in version no
rmal on input line 1176.
LaTeX Font Info:    Nested math: keeping math alphabet allocation in version no
rmal on input line 1177.
LaTeX Font Info:    No math alphabet change to frozen version normal on input l
ine 1177.
LaTeX Font Info:    No math alphabet change to frozen version normal on input l
ine 1177.
LaTeX Font Info:    No math alphabet change to frozen version normal on input l
ine 1178.
LaTeX Font Info:    No math alphabet change to frozen version normal on input l
ine 1179.
LaTeX Font Info:    No math alphabet change to frozen version normal on input l
ine 1179.
LaTeX Font Info:    No math alphabet change to frozen version normal on input l
ine 1180.
LaTeX Font Info:    No math alphabet change to frozen version normal on input l
ine 1180.
LaTeX Font Info:    No math alphabet change to frozen version normal on input l
ine 1180.
LaTeX Font Info:    No math alphabet change to frozen version normal on input l
ine 1181.
LaTeX Font Info:    No math alphabet change to frozen version normal on input l
ine 1181.
LaTeX Font Info:    No math alphabet change to frozen version normal on input l
ine 1181.
LaTeX Font Info:    No math alphabet change to frozen version normal on input l
ine 1182.
LaTeX Font Info:    Nested math: keeping math alphabet allocation in version no
rmal on input line 1183.
LaTeX Font Info:    Nested math: keeping math alphabet allocation in version no
rmal on input line 1183.
LaTeX Font Info:    Nested math: keeping math alphabet allocation in version no
rmal on input line 1183.
LaTeX Font Info:    Nested math: keeping math alphabet allocation in version no
rmal on input line 1183.
LaTeX Font Info:    Nested math: keeping math alphabet allocation in version no
rmal on input line 1184.
LaTeX Font Info:    Nested math: keeping math alphabet allocation in version no
rmal on input line 1184.
LaTeX Font Info:    Nested math: keeping math alphabet allocation in version no
rmal on input line 1186.
LaTeX Font Info:    Nested math: keeping math alphabet allocation in version no
rmal on input line 1186.
LaTeX Font Info:    No math alphabet change to frozen version normal on input l
ine 1188.
LaTeX Font Info:    No math alphabet change to frozen version normal on input l
ine 1188.
LaTeX Font Info:    No math alphabet change to frozen version normal on input l
ine 1189.
LaTeX Font Info:    Nested math: keeping math alphabet allocation in version no
rmal on input line 1191.
LaTeX Font Info:    Nested math: keeping math alphabet allocation in version no
rmal on input line 1191.
LaTeX Font Info:    Nested math: keeping math alphabet allocation in version no
rmal on input line 1191.
LaTeX Font Info:    Nested math: keeping math alphabet allocation in version no
rmal on input line 1191.
LaTeX Font Info:    No math alphabet change to frozen version normal on input l
ine 1196.
LaTeX Font Info:    No math alphabet change to frozen version normal on input l
ine 1196.
LaTeX Font Info:    No math alphabet change to frozen version normal on input l
ine 1198.
LaTeX Font Info:    No math alphabet change to frozen version normal on input l
ine 1199.
LaTeX Font Info:    No math alphabet change to frozen version normal on input l
ine 1202.
LaTeX Font Info:    No math alphabet change to frozen version normal on input l
ine 1202.
LaTeX Font Info:    No math alphabet change to frozen version normal on input l
ine 1202.
LaTeX Font Info:    No math alphabet change to frozen version normal on input l
ine 1203.
LaTeX Font Info:    No math alphabet change to frozen version normal on input l
ine 1204.
LaTeX Font Info:    No math alphabet change to frozen version normal on input l
ine 1204.
LaTeX Font Info:    No math alphabet change to frozen version normal on input l
ine 1205.
LaTeX Font Info:    No math alphabet change to frozen version normal on input l
ine 1206.
LaTeX Font Info:    No math alphabet change to frozen version normal on input l
ine 1207.
LaTeX Font Info:    No math alphabet change to frozen version normal on input l
ine 1207.
LaTeX Font Info:    No math alphabet change to frozen version normal on input l
ine 1207.
LaTeX Font Info:    No math alphabet change to frozen version normal on input l
ine 1209.
LaTeX Font Info:    No math alphabet change to frozen version normal on input l
ine 1209.
LaTeX Font Info:    No math alphabet change to frozen version normal on input l
ine 1210.
LaTeX Font Info:    No math alphabet change to frozen version normal on input l
ine 1210.
LaTeX Font Info:    No math alphabet change to frozen version normal on input l
ine 1211.
LaTeX Font Info:    No math alphabet change to frozen version normal on input l
ine 1212.
LaTeX Font Info:    No math alphabet change to frozen version normal on input l
ine 1213.
LaTeX Font Info:    No math alphabet change to frozen version normal on input l
ine 1213.
LaTeX Font Info:    No math alphabet change to frozen version normal on input l
ine 1215.
LaTeX Font Info:    No math alphabet change to frozen version normal on input l
ine 1219.
LaTeX Font Info:    No math alphabet change to frozen version normal on input l
ine 1221.
LaTeX Font Info:    No math alphabet change to frozen version normal on input l
ine 1222.
LaTeX Font Info:    No math alphabet change to frozen version normal on input l
ine 1222.
LaTeX Font Info:    No math alphabet change to frozen version normal on input l
ine 1222.
LaTeX Font Info:    No math alphabet change to frozen version normal on input l
ine 1223.
LaTeX Font Info:    No math alphabet change to frozen version normal on input l
ine 1225.
LaTeX Font Info:    No math alphabet change to frozen version normal on input l
ine 1236.
LaTeX Font Info:    No math alphabet change to frozen version normal on input l
ine 1238.
LaTeX Font Info:    No math alphabet change to frozen version normal on input l
ine 1240.
LaTeX Font Info:    No math alphabet change to frozen version normal on input l
ine 1241.
LaTeX Font Info:    No math alphabet change to frozen version normal on input l
ine 1241.
LaTeX Font Info:    No math alphabet change to frozen version normal on input l
ine 1242.
LaTeX Font Info:    No math alphabet change to frozen version normal on input l
ine 1242.
LaTeX Font Info:    No math alphabet change to frozen version normal on input l
ine 1244.
LaTeX Font Info:    No math alphabet change to frozen version normal on input l
ine 1245.
LaTeX Font Info:    No math alphabet change to frozen version normal on input l
ine 1246.
LaTeX Font Info:    No math alphabet change to frozen version normal on input l
ine 1247.
LaTeX Font Info:    No math alphabet change to frozen version normal on input l
ine 1248.
LaTeX Font Info:    No math alphabet change to frozen version normal on input l
ine 1248.
LaTeX Font Info:    No math alphabet change to frozen version normal on input l
ine 1250.
LaTeX Font Info:    No math alphabet change to frozen version normal on input l
ine 1251.
LaTeX Font Info:    No math alphabet change to frozen version normal on input l
ine 1251.
LaTeX Font Info:    No math alphabet change to frozen version normal on input l
ine 1251.
LaTeX Font Info:    No math alphabet change to frozen version normal on input l
ine 1252.
LaTeX Font Info:    No math alphabet change to frozen version normal on input l
ine 1252.
LaTeX Font Info:    No math alphabet change to frozen version normal on input l
ine 1253.
LaTeX Font Info:    No math alphabet change to frozen version normal on input l
ine 1256.
LaTeX Font Info:    No math alphabet change to frozen version normal on input l
ine 1257.
LaTeX Font Info:    No math alphabet change to frozen version normal on input l
ine 1257.
LaTeX Font Info:    No math alphabet change to frozen version normal on input l
ine 1258.
LaTeX Font Info:    No math alphabet change to frozen version normal on input l
ine 1266.
LaTeX Font Info:    No math alphabet change to frozen version normal on input l
ine 1267.
LaTeX Font Info:    No math alphabet change to frozen version normal on input l
ine 1271.
LaTeX Font Info:    No math alphabet change to frozen version normal on input l
ine 1271.
LaTeX Font Info:    No math alphabet change to frozen version normal on input l
ine 1272.
LaTeX Font Info:    No math alphabet change to frozen version normal on input l
ine 1273.
LaTeX Font Info:    No math alphabet change to frozen version normal on input l
ine 1273.
LaTeX Font Info:    No math alphabet change to frozen version normal on input l
ine 1274.
 [13]
LaTeX Font Info:    No math alphabet change to frozen version normal on input l
ine 1278.
LaTeX Font Info:    No math alphabet change to frozen version normal on input l
ine 1280.
LaTeX Font Info:    No math alphabet change to frozen version normal on input l
ine 1281.
LaTeX Font Info:    No math alphabet change to frozen version normal on input l
ine 1293.
LaTeX Font Info:    No math alphabet change to frozen version normal on input l
ine 1296.
LaTeX Font Info:    No math alphabet change to frozen version normal on input l
ine 1296.
LaTeX Font Info:    No math alphabet change to frozen version normal on input l
ine 1297.
LaTeX Font Info:    No math alphabet change to frozen version normal on input l
ine 1298.
LaTeX Font Info:    Nested math: keeping math alphabet allocation in version no
rmal on input line 1300.
LaTeX Font Info:    Nested math: keeping math alphabet allocation in version no
rmal on input line 1300.
LaTeX Font Info:    Nested math: keeping math alphabet allocation in version no
rmal on input line 1300.
LaTeX Font Info:    Nested math: keeping math alphabet allocation in version no
rmal on input line 1300.
LaTeX Font Info:    Nested math: keeping math alphabet allocation in version no
rmal on input line 1302.
LaTeX Font Info:    Nested math: keeping math alphabet allocation in version no
rmal on input line 1302.
LaTeX Font Info:    Nested math: keeping math alphabet allocation in version no
rmal on input line 1303.
LaTeX Font Info:    No math alphabet change to frozen version normal on input l
ine 1305.
LaTeX Font Info:    No math alphabet change to frozen version normal on input l
ine 1305.
LaTeX Font Info:    No math alphabet change to frozen version normal on input l
ine 1306.
LaTeX Font Info:    No math alphabet change to frozen version normal on input l
ine 1308.
LaTeX Font Info:    No math alphabet change to frozen version normal on input l
ine 1308.
LaTeX Font Info:    No math alphabet change to frozen version normal on input l
ine 1313.
LaTeX Font Info:    No math alphabet change to frozen version normal on input l
ine 1316.
LaTeX Font Info:    No math alphabet change to frozen version normal on input l
ine 1317.
LaTeX Font Info:    No math alphabet change to frozen version normal on input l
ine 1317.
LaTeX Font Info:    No math alphabet change to frozen version normal on input l
ine 1318.
LaTeX Font Info:    No math alphabet change to frozen version normal on input l
ine 1320.
LaTeX Font Info:    No math alphabet change to frozen version normal on input l
ine 1323.
LaTeX Font Info:    No math alphabet change to frozen version normal on input l
ine 1324.
LaTeX Font Info:    No math alphabet change to frozen version normal on input l
ine 1326.
LaTeX Font Info:    No math alphabet change to frozen version normal on input l
ine 1326.
LaTeX Font Info:    No math alphabet change to frozen version normal on input l
ine 1327.
LaTeX Font Info:    No math alphabet change to frozen version normal on input l
ine 1335.
LaTeX Font Info:    No math alphabet change to frozen version normal on input l
ine 1335.
LaTeX Font Info:    No math alphabet change to frozen version normal on input l
ine 1336.
LaTeX Font Info:    No math alphabet change to frozen version normal on input l
ine 1340.
LaTeX Font Info:    No math alphabet change to frozen version normal on input l
ine 1342.
LaTeX Font Info:    No math alphabet change to frozen version normal on input l
ine 1344.
LaTeX Font Info:    No math alphabet change to frozen version normal on input l
ine 1345.
LaTeX Font Info:    No math alphabet change to frozen version normal on input l
ine 1346.
LaTeX Font Info:    No math alphabet change to frozen version normal on input l
ine 1347.
LaTeX Font Info:    No math alphabet change to frozen version normal on input l
ine 1349.
LaTeX Font Info:    No math alphabet change to frozen version normal on input l
ine 1350.
LaTeX Font Info:    No math alphabet change to frozen version normal on input l
ine 1351.
LaTeX Font Info:    No math alphabet change to frozen version normal on input l
ine 1351.
LaTeX Font Info:    No math alphabet change to frozen version normal on input l
ine 1352.
LaTeX Font Info:    No math alphabet change to frozen version normal on input l
ine 1353.
LaTeX Font Info:    No math alphabet change to frozen version normal on input l
ine 1356.
LaTeX Font Info:    No math alphabet change to frozen version normal on input l
ine 1358.
 [14]
LaTeX Font Info:    No math alphabet change to frozen version normal on input l
ine 1362.
LaTeX Font Info:    No math alphabet change to frozen version normal on input l
ine 1362.
LaTeX Font Info:    No math alphabet change to frozen version normal on input l
ine 1363.
LaTeX Font Info:    No math alphabet change to frozen version normal on input l
ine 1364.
LaTeX Font Info:    No math alphabet change to frozen version normal on input l
ine 1365.
LaTeX Font Info:    No math alphabet change to frozen version normal on input l
ine 1365.
LaTeX Font Info:    No math alphabet change to frozen version normal on input l
ine 1366.
LaTeX Font Info:    No math alphabet change to frozen version normal on input l
ine 1369.
LaTeX Font Info:    No math alphabet change to frozen version normal on input l
ine 1371.
LaTeX Font Info:    No math alphabet change to frozen version normal on input l
ine 1373.
LaTeX Font Info:    No math alphabet change to frozen version normal on input l
ine 1373.
LaTeX Font Info:    No math alphabet change to frozen version normal on input l
ine 1374.
LaTeX Font Info:    No math alphabet change to frozen version normal on input l
ine 1375.
LaTeX Font Info:    No math alphabet change to frozen version normal on input l
ine 1389.
LaTeX Font Info:    No math alphabet change to frozen version normal on input l
ine 1389.
LaTeX Font Info:    No math alphabet change to frozen version normal on input l
ine 1389.
LaTeX Font Info:    No math alphabet change to frozen version normal on input l
ine 1389.
LaTeX Font Info:    No math alphabet change to frozen version normal on input l
ine 1390.
LaTeX Font Info:    No math alphabet change to frozen version normal on input l
ine 1391.
LaTeX Font Info:    No math alphabet change to frozen version normal on input l
ine 1392.
LaTeX Font Info:    No math alphabet change to frozen version normal on input l
ine 1392.
LaTeX Font Info:    No math alphabet change to frozen version normal on input l
ine 1393.
LaTeX Font Info:    No math alphabet change to frozen version normal on input l
ine 1393.
LaTeX Font Info:    No math alphabet change to frozen version normal on input l
ine 1396.
LaTeX Font Info:    No math alphabet change to frozen version normal on input l
ine 1397.
LaTeX Font Info:    No math alphabet change to frozen version normal on input l
ine 1399.
LaTeX Font Info:    No math alphabet change to frozen version normal on input l
ine 1403.
LaTeX Font Info:    Nested math: keeping math alphabet allocation in version no
rmal on input line 1404.
LaTeX Font Info:    No math alphabet change to frozen version normal on input l
ine 1404.
LaTeX Font Info:    No math alphabet change to frozen version normal on input l
ine 1404.
LaTeX Font Info:    No math alphabet change to frozen version normal on input l
ine 1404.
LaTeX Font Info:    No math alphabet change to frozen version normal on input l
ine 1407.


Package hyperref Warning: Token not allowed in a PDF string (Unicode):
(hyperref)                removing `\new@ifnextchar' on input line 1411.

LaTeX Font Info:    No math alphabet change to frozen version normal on input l
ine 1412.
LaTeX Font Info:    No math alphabet change to frozen version normal on input l
ine 1414.
LaTeX Font Info:    No math alphabet change to frozen version normal on input l
ine 1415.
LaTeX Font Info:    No math alphabet change to frozen version normal on input l
ine 1416.
LaTeX Font Info:    No math alphabet change to frozen version normal on input l
ine 1416.
LaTeX Font Info:    Undo math alphabet allocation in version normal on input li
ne 1417.
LaTeX Font Info:    No math alphabet change to frozen version normal on input l
ine 1418.
LaTeX Font Info:    Font shape `T1/ntxtt/m/n' will be
(Font)              scaled to size 7.0pt on input line 1424.
LaTeX Font Info:    No math alphabet change to frozen version normal on input l
ine 1424.
LaTeX Font Info:    No math alphabet change to frozen version normal on input l
ine 1429.
LaTeX Font Info:    No math alphabet change to frozen version normal on input l
ine 1429.
LaTeX Font Info:    No math alphabet change to frozen version normal on input l
ine 1429.
LaTeX Font Info:    No math alphabet change to frozen version normal on input l
ine 1429.
LaTeX Font Info:    No math alphabet change to frozen version normal on input l
ine 1429.
LaTeX Font Info:    No math alphabet change to frozen version normal on input l
ine 1429.

Package hyperref Warning: Token not allowed in a PDF string (Unicode):
(hyperref)                removing `\new@ifnextchar' on input line 1433.

LaTeX Font Info:    No math alphabet change to frozen version normal on input l
ine 1435.
LaTeX Font Info:    No math alphabet change to frozen version normal on input l
ine 1435.
LaTeX Font Info:    No math alphabet change to frozen version normal on input l
ine 1438.
LaTeX Font Info:    No math alphabet change to frozen version normal on input l
ine 1441.
LaTeX Font Info:    No math alphabet change to frozen version normal on input l
ine 1441.
[15]
LaTeX Font Info:    No math alphabet change to frozen version normal on input l
ine 1447.


Package hyperref Warning: Token not allowed in a PDF string (Unicode):
(hyperref)                removing `\new@ifnextchar' on input line 1455.

LaTeX Font Info:    No math alphabet change to frozen version normal on input l
ine 1456.
LaTeX Font Info:    No math alphabet change to frozen version normal on input l
ine 1456.
LaTeX Font Info:    No math alphabet change to frozen version normal on input l
ine 1456.
LaTeX Font Info:    No math alphabet change to frozen version normal on input l
ine 1457.
LaTeX Font Info:    No math alphabet change to frozen version normal on input l
ine 1458.
LaTeX Font Info:    No math alphabet change to frozen version normal on input l
ine 1460.
LaTeX Font Info:    No math alphabet change to frozen version normal on input l
ine 1460.
LaTeX Font Info:    No math alphabet change to frozen version normal on input l
ine 1461.
LaTeX Font Info:    No math alphabet change to frozen version normal on input l
ine 1461.
LaTeX Font Info:    No math alphabet change to frozen version normal on input l
ine 1462.
LaTeX Font Info:    No math alphabet change to frozen version normal on input l
ine 1462.
LaTeX Font Info:    No math alphabet change to frozen version normal on input l
ine 1468.
LaTeX Font Info:    No math alphabet change to frozen version normal on input l
ine 1471.
LaTeX Font Info:    No math alphabet change to frozen version normal on input l
ine 1471.
LaTeX Font Info:    No math alphabet change to frozen version normal on input l
ine 1480.
LaTeX Font Info:    No math alphabet change to frozen version normal on input l
ine 1480.
LaTeX Font Info:    No math alphabet change to frozen version normal on input l
ine 1480.
LaTeX Font Info:    No math alphabet change to frozen version normal on input l
ine 1480.
LaTeX Font Info:    No math alphabet change to frozen version normal on input l
ine 1480.
LaTeX Font Info:    No math alphabet change to frozen version normal on input l
ine 1480.
LaTeX Font Info:    No math alphabet change to frozen version normal on input l
ine 1480.
LaTeX Font Info:    No math alphabet change to frozen version normal on input l
ine 1480.
LaTeX Font Info:    No math alphabet change to frozen version normal on input l
ine 1480.
LaTeX Font Info:    No math alphabet change to frozen version normal on input l
ine 1480.
LaTeX Font Info:    No math alphabet change to frozen version normal on input l
ine 1480.
LaTeX Font Info:    No math alphabet change to frozen version normal on input l
ine 1480.
LaTeX Font Info:    Nested math: keeping math alphabet allocation in version no
rmal on input line 1484.
LaTeX Font Info:    Nested math: keeping math alphabet allocation in version no
rmal on input line 1484.
LaTeX Font Info:    Nested math: keeping math alphabet allocation in version no
rmal on input line 1484.
LaTeX Font Info:    Nested math: keeping math alphabet allocation in version no
rmal on input line 1484.
LaTeX Font Info:    Nested math: keeping math alphabet allocation in version no
rmal on input line 1484.
LaTeX Font Info:    Nested math: keeping math alphabet allocation in version no
rmal on input line 1484.
LaTeX Font Info:    Nested math: keeping math alphabet allocation in version no
rmal on input line 1484.
LaTeX Font Info:    Nested math: keeping math alphabet allocation in version no
rmal on input line 1484.
LaTeX Font Info:    Nested math: keeping math alphabet allocation in version no
rmal on input line 1484.
LaTeX Font Info:    Nested math: keeping math alphabet allocation in version no
rmal on input line 1485.
LaTeX Font Info:    Nested math: keeping math alphabet allocation in version no
rmal on input line 1485.
LaTeX Font Info:    Nested math: keeping math alphabet allocation in version no
rmal on input line 1485.
LaTeX Font Info:    Nested math: keeping math alphabet allocation in version no
rmal on input line 1485.
LaTeX Font Info:    Nested math: keeping math alphabet allocation in version no
rmal on input line 1485.
LaTeX Font Info:    Nested math: keeping math alphabet allocation in version no
rmal on input line 1485.
LaTeX Font Info:    Nested math: keeping math alphabet allocation in version no
rmal on input line 1485.
LaTeX Font Info:    Nested math: keeping math alphabet allocation in version no
rmal on input line 1485.
LaTeX Font Info:    Nested math: keeping math alphabet allocation in version no
rmal on input line 1485.
LaTeX Font Info:    Nested math: keeping math alphabet allocation in version no
rmal on input line 1487.
LaTeX Font Info:    Nested math: keeping math alphabet allocation in version no
rmal on input line 1487.
LaTeX Font Info:    Nested math: keeping math alphabet allocation in version no
rmal on input line 1487.
LaTeX Font Info:    Nested math: keeping math alphabet allocation in version no
rmal on input line 1487.
LaTeX Font Info:    Nested math: keeping math alphabet allocation in version no
rmal on input line 1487.
LaTeX Font Info:    Nested math: keeping math alphabet allocation in version no
rmal on input line 1487.
LaTeX Font Info:    Nested math: keeping math alphabet allocation in version no
rmal on input line 1487.
LaTeX Font Info:    Nested math: keeping math alphabet allocation in version no
rmal on input line 1487.
LaTeX Font Info:    Nested math: keeping math alphabet allocation in version no
rmal on input line 1487.
LaTeX Font Info:    Nested math: keeping math alphabet allocation in version no
rmal on input line 1488.
LaTeX Font Info:    Nested math: keeping math alphabet allocation in version no
rmal on input line 1488.
LaTeX Font Info:    Nested math: keeping math alphabet allocation in version no
rmal on input line 1488.
LaTeX Font Info:    Nested math: keeping math alphabet allocation in version no
rmal on input line 1488.
LaTeX Font Info:    Nested math: keeping math alphabet allocation in version no
rmal on input line 1488.
LaTeX Font Info:    Nested math: keeping math alphabet allocation in version no
rmal on input line 1488.
LaTeX Font Info:    Nested math: keeping math alphabet allocation in version no
rmal on input line 1488.
LaTeX Font Info:    Nested math: keeping math alphabet allocation in version no
rmal on input line 1488.
LaTeX Font Info:    Nested math: keeping math alphabet allocation in version no
rmal on input line 1488.
LaTeX Font Info:    Nested math: keeping math alphabet allocation in version no
rmal on input line 1489.
LaTeX Font Info:    Nested math: keeping math alphabet allocation in version no
rmal on input line 1489.
LaTeX Font Info:    Nested math: keeping math alphabet allocation in version no
rmal on input line 1489.
LaTeX Font Info:    Nested math: keeping math alphabet allocation in version no
rmal on input line 1489.
LaTeX Font Info:    Nested math: keeping math alphabet allocation in version no
rmal on input line 1489.
LaTeX Font Info:    Nested math: keeping math alphabet allocation in version no
rmal on input line 1489.
LaTeX Font Info:    Nested math: keeping math alphabet allocation in version no
rmal on input line 1489.
LaTeX Font Info:    Nested math: keeping math alphabet allocation in version no
rmal on input line 1489.
LaTeX Font Info:    Nested math: keeping math alphabet allocation in version no
rmal on input line 1489.
LaTeX Font Info:    Nested math: keeping math alphabet allocation in version no
rmal on input line 1490.
LaTeX Font Info:    Nested math: keeping math alphabet allocation in version no
rmal on input line 1490.
LaTeX Font Info:    Nested math: keeping math alphabet allocation in version no
rmal on input line 1490.
LaTeX Font Info:    Nested math: keeping math alphabet allocation in version no
rmal on input line 1490.
LaTeX Font Info:    Nested math: keeping math alphabet allocation in version no
rmal on input line 1490.
LaTeX Font Info:    Nested math: keeping math alphabet allocation in version no
rmal on input line 1490.
LaTeX Font Info:    Nested math: keeping math alphabet allocation in version no
rmal on input line 1490.
LaTeX Font Info:    Nested math: keeping math alphabet allocation in version no
rmal on input line 1490.
LaTeX Font Info:    Nested math: keeping math alphabet allocation in version no
rmal on input line 1490.
LaTeX Font Info:    No math alphabet change to frozen version normal on input l
ine 1492.

Package hyperref Warning: Token not allowed in a PDF string (Unicode):
(hyperref)                removing `\new@ifnextchar' on input line 1495.

LaTeX Font Info:    No math alphabet change to frozen version normal on input l
ine 1497.
LaTeX Font Info:    No math alphabet change to frozen version normal on input l
ine 1498.
LaTeX Font Info:    No math alphabet change to frozen version normal on input l
ine 1501.
LaTeX Font Info:    No math alphabet change to frozen version normal on input l
ine 1503.
LaTeX Font Info:    No math alphabet change to frozen version normal on input l
ine 1503.
LaTeX Font Info:    No math alphabet change to frozen version normal on input l
ine 1503.
LaTeX Font Info:    No math alphabet change to frozen version normal on input l
ine 1504.
LaTeX Font Info:    No math alphabet change to frozen version normal on input l
ine 1504.
LaTeX Font Info:    No math alphabet change to frozen version normal on input l
ine 1504.
LaTeX Font Info:    No math alphabet change to frozen version normal on input l
ine 1506.
LaTeX Font Info:    No math alphabet change to frozen version normal on input l
ine 1507.
LaTeX Font Info:    No math alphabet change to frozen version normal on input l
ine 1507.
[16]
LaTeX Font Info:    No math alphabet change to frozen version normal on input l
ine 1514.
LaTeX Font Info:    No math alphabet change to frozen version normal on input l
ine 1514.
LaTeX Font Info:    No math alphabet change to frozen version normal on input l
ine 1514.
LaTeX Font Info:    No math alphabet change to frozen version normal on input l
ine 1514.
LaTeX Font Info:    Nested math: keeping math alphabet allocation in version no
rmal on input line 1518.
LaTeX Font Info:    Nested math: keeping math alphabet allocation in version no
rmal on input line 1518.
LaTeX Font Info:    Nested math: keeping math alphabet allocation in version no
rmal on input line 1518.
LaTeX Font Info:    Nested math: keeping math alphabet allocation in version no
rmal on input line 1518.
LaTeX Font Info:    Nested math: keeping math alphabet allocation in version no
rmal on input line 1518.
LaTeX Font Info:    Nested math: keeping math alphabet allocation in version no
rmal on input line 1518.
LaTeX Font Info:    Nested math: keeping math alphabet allocation in version no
rmal on input line 1518.
LaTeX Font Info:    Nested math: keeping math alphabet allocation in version no
rmal on input line 1518.
LaTeX Font Info:    Nested math: keeping math alphabet allocation in version no
rmal on input line 1520.
LaTeX Font Info:    Nested math: keeping math alphabet allocation in version no
rmal on input line 1520.
LaTeX Font Info:    Nested math: keeping math alphabet allocation in version no
rmal on input line 1520.
LaTeX Font Info:    Nested math: keeping math alphabet allocation in version no
rmal on input line 1520.
LaTeX Font Info:    Nested math: keeping math alphabet allocation in version no
rmal on input line 1520.
LaTeX Font Info:    Nested math: keeping math alphabet allocation in version no
rmal on input line 1520.
LaTeX Font Info:    Nested math: keeping math alphabet allocation in version no
rmal on input line 1520.
LaTeX Font Info:    Nested math: keeping math alphabet allocation in version no
rmal on input line 1520.
LaTeX Font Info:    Nested math: keeping math alphabet allocation in version no
rmal on input line 1521.
LaTeX Font Info:    Nested math: keeping math alphabet allocation in version no
rmal on input line 1521.
LaTeX Font Info:    Nested math: keeping math alphabet allocation in version no
rmal on input line 1521.
LaTeX Font Info:    Nested math: keeping math alphabet allocation in version no
rmal on input line 1521.
LaTeX Font Info:    Nested math: keeping math alphabet allocation in version no
rmal on input line 1521.
LaTeX Font Info:    Nested math: keeping math alphabet allocation in version no
rmal on input line 1521.
LaTeX Font Info:    Nested math: keeping math alphabet allocation in version no
rmal on input line 1521.
LaTeX Font Info:    Nested math: keeping math alphabet allocation in version no
rmal on input line 1521.
LaTeX Font Info:    Nested math: keeping math alphabet allocation in version no
rmal on input line 1522.
LaTeX Font Info:    Nested math: keeping math alphabet allocation in version no
rmal on input line 1522.
LaTeX Font Info:    Nested math: keeping math alphabet allocation in version no
rmal on input line 1522.
LaTeX Font Info:    Nested math: keeping math alphabet allocation in version no
rmal on input line 1522.
LaTeX Font Info:    Nested math: keeping math alphabet allocation in version no
rmal on input line 1522.
LaTeX Font Info:    Nested math: keeping math alphabet allocation in version no
rmal on input line 1522.
LaTeX Font Info:    Nested math: keeping math alphabet allocation in version no
rmal on input line 1522.
LaTeX Font Info:    Nested math: keeping math alphabet allocation in version no
rmal on input line 1522.
LaTeX Font Info:    No math alphabet change to frozen version normal on input l
ine 1524.
LaTeX Font Info:    No math alphabet change to frozen version normal on input l
ine 1529.
LaTeX Font Info:    No math alphabet change to frozen version normal on input l
ine 1533.
LaTeX Font Info:    No math alphabet change to frozen version normal on input l
ine 1533.
LaTeX Font Info:    No math alphabet change to frozen version normal on input l
ine 1533.
LaTeX Font Info:    No math alphabet change to frozen version normal on input l
ine 1533.


Package hyperref Warning: Token not allowed in a PDF string (Unicode):
(hyperref)                removing `\new@ifnextchar' on input line 1537.

LaTeX Font Info:    No math alphabet change to frozen version normal on input l
ine 1538.
LaTeX Font Info:    No math alphabet change to frozen version normal on input l
ine 1539.
LaTeX Font Info:    No math alphabet change to frozen version normal on input l
ine 1541.
LaTeX Font Info:    No math alphabet change to frozen version normal on input l
ine 1543.
LaTeX Font Info:    No math alphabet change to frozen version normal on input l
ine 1549.
LaTeX Font Info:    No math alphabet change to frozen version normal on input l
ine 1553.
LaTeX Font Info:    No math alphabet change to frozen version normal on input l
ine 1553.
LaTeX Font Info:    No math alphabet change to frozen version normal on input l
ine 1560.
LaTeX Font Info:    No math alphabet change to frozen version normal on input l
ine 1561.
LaTeX Font Info:    No math alphabet change to frozen version normal on input l
ine 1566.
LaTeX Font Info:    No math alphabet change to frozen version normal on input l
ine 1566.
LaTeX Font Info:    Nested math: keeping math alphabet allocation in version no
rmal on input line 1572.
LaTeX Font Info:    Nested math: keeping math alphabet allocation in version no
rmal on input line 1572.
LaTeX Font Info:    Nested math: keeping math alphabet allocation in version no
rmal on input line 1572.
LaTeX Font Info:    Nested math: keeping math alphabet allocation in version no
rmal on input line 1573.
LaTeX Font Info:    Nested math: keeping math alphabet allocation in version no
rmal on input line 1573.
LaTeX Font Info:    Nested math: keeping math alphabet allocation in version no
rmal on input line 1574.
LaTeX Font Info:    Nested math: keeping math alphabet allocation in version no
rmal on input line 1574.
LaTeX Font Info:    Nested math: keeping math alphabet allocation in version no
rmal on input line 1575.
LaTeX Font Info:    Nested math: keeping math alphabet allocation in version no
rmal on input line 1575.
LaTeX Font Info:    Nested math: keeping math alphabet allocation in version no
rmal on input line 1576.
LaTeX Font Info:    Nested math: keeping math alphabet allocation in version no
rmal on input line 1576.
LaTeX Font Info:    Nested math: keeping math alphabet allocation in version no
rmal on input line 1576.
LaTeX Font Info:    Nested math: keeping math alphabet allocation in version no
rmal on input line 1577.
LaTeX Font Info:    Nested math: keeping math alphabet allocation in version no
rmal on input line 1578.
LaTeX Font Info:    Nested math: keeping math alphabet allocation in version no
rmal on input line 1578.
LaTeX Font Info:    No math alphabet change to frozen version normal on input l
ine 1580.

LaTeX Warning: `h' float specifier changed to `ht'.

LaTeX Font Info:    No math alphabet change to frozen version normal on input l
ine 1589.
LaTeX Font Info:    No math alphabet change to frozen version normal on input l
ine 1589.
LaTeX Font Info:    No math alphabet change to frozen version normal on input l
ine 1589.
LaTeX Font Info:    No math alphabet change to frozen version normal on input l
ine 1590.
LaTeX Font Info:    No math alphabet change to frozen version normal on input l
ine 1593.
LaTeX Font Info:    No math alphabet change to frozen version normal on input l
ine 1597.
LaTeX Font Info:    No math alphabet change to frozen version normal on input l
ine 1598.
LaTeX Font Info:    No math alphabet change to frozen version normal on input l
ine 1599.
LaTeX Font Info:    No math alphabet change to frozen version normal on input l
ine 1601.
[17]
<../visualizations/kuramoto_results.png, id=592, 867.24pt x 361.35pt>
File: ../visualizations/kuramoto_results.png Graphic file (type png)
<use ../visualizations/kuramoto_results.png>
Package pdftex.def Info: ../visualizations/kuramoto_results.png  used on input 
line 1607.
(pdftex.def)             Requested size: 114.62177pt x 47.75458pt.
<../visualizations/stuart_landau_results.png, id=594, 867.24pt x 361.35pt>
File: ../visualizations/stuart_landau_results.png Graphic file (type png)
<use ../visualizations/stuart_landau_results.png>
Package pdftex.def Info: ../visualizations/stuart_landau_results.png  used on i
nput line 1608.
(pdftex.def)             Requested size: 114.62177pt x 47.75458pt.
<../visualizations/ks_results.png, id=595, 722.7pt x 433.62pt>
File: ../visualizations/ks_results.png Graphic file (type png)
<use ../visualizations/ks_results.png>
Package pdftex.def Info: ../visualizations/ks_results.png  used on input line 1
609.
(pdftex.def)             Requested size: 114.62177pt x 68.7719pt.
<../visualizations/lqg_results.png, id=596, 867.24pt x 361.35pt>
File: ../visualizations/lqg_results.png Graphic file (type png)
<use ../visualizations/lqg_results.png>
Package pdftex.def Info: ../visualizations/lqg_results.png  used on input line 
1610.
(pdftex.def)             Requested size: 114.62177pt x 47.75458pt.
LaTeX Font Info:    No math alphabet change to frozen version normal on input l
ine 1615.
LaTeX Font Info:    No math alphabet change to frozen version normal on input l
ine 1615.
<../tsfm/tsfm_forecast_LQG.png, id=597, 578.16pt x 289.08pt>
File: ../tsfm/tsfm_forecast_LQG.png Graphic file (type png)
<use ../tsfm/tsfm_forecast_LQG.png>
Package pdftex.def Info: ../tsfm/tsfm_forecast_LQG.png  used on input line 1621
.
(pdftex.def)             Requested size: 230.18253pt x 115.08739pt.
<../tsfm/tsfm_forecast_Kuramoto.png, id=598, 578.16pt x 289.08pt>
File: ../tsfm/tsfm_forecast_Kuramoto.png Graphic file (type png)
<use ../tsfm/tsfm_forecast_Kuramoto.png>
Package pdftex.def Info: ../tsfm/tsfm_forecast_Kuramoto.png  used on input line
 1622.
(pdftex.def)             Requested size: 230.18253pt x 115.08739pt.
LaTeX Font Info:    No math alphabet change to frozen version normal on input l
ine 1627.
LaTeX Font Info:    No math alphabet change to frozen version normal on input l
ine 1627.
LaTeX Font Info:    No math alphabet change to frozen version normal on input l
ine 1627.
LaTeX Font Info:    No math alphabet change to frozen version normal on input l
ine 1627.
LaTeX Font Info:    No math alphabet change to frozen version normal on input l
ine 1636.
LaTeX Font Info:    No math alphabet change to frozen version normal on input l
ine 1643.
LaTeX Font Info:    No math alphabet change to frozen version normal on input l
ine 1643.
LaTeX Font Info:    No math alphabet change to frozen version normal on input l
ine 1660.
LaTeX Font Info:    No math alphabet change to frozen version normal on input l
ine 1661.
LaTeX Font Info:    No math alphabet change to frozen version normal on input l
ine 1663.
LaTeX Font Info:    No math alphabet change to frozen version normal on input l
ine 1664.
LaTeX Font Info:    No math alphabet change to frozen version normal on input l
ine 1668.
LaTeX Font Info:    No math alphabet change to frozen version normal on input l
ine 1668.
LaTeX Font Info:    No math alphabet change to frozen version normal on input l
ine 1671.
 [18 <../visualizations/kuramoto_results.png> <../visualizations/stuart_landau_
results.png> <../visualizations/ks_results.png> <../visualizations/lqg_results.
png>]
LaTeX Font Info:    No math alphabet change to frozen version normal on input l
ine 1678.
LaTeX Font Info:    No math alphabet change to frozen version normal on input l
ine 1686.
LaTeX Font Info:    No math alphabet change to frozen version normal on input l
ine 1689.
LaTeX Font Info:    No math alphabet change to frozen version normal on input l
ine 1691.
LaTeX Font Info:    No math alphabet change to frozen version normal on input l
ine 1695.
LaTeX Font Info:    No math alphabet change to frozen version normal on input l
ine 1696.
LaTeX Font Info:    No math alphabet change to frozen version normal on input l
ine 1696.
LaTeX Font Info:    No math alphabet change to frozen version normal on input l
ine 1699.
LaTeX Font Info:    No math alphabet change to frozen version normal on input l
ine 1715.
LaTeX Font Info:    No math alphabet change to frozen version normal on input l
ine 1717.
LaTeX Font Info:    No math alphabet change to frozen version normal on input l
ine 1718.
LaTeX Font Info:    No math alphabet change to frozen version normal on input l
ine 1718.
LaTeX Font Info:    No math alphabet change to frozen version normal on input l
ine 1719.
LaTeX Font Info:    No math alphabet change to frozen version normal on input l
ine 1720.
LaTeX Font Info:    No math alphabet change to frozen version normal on input l
ine 1720.
 [19 <../tsfm/tsfm_forecast_LQG.png> <../tsfm/tsfm_forecast_Kuramoto.png>] [20]
 [21] (./tsfm_fisher.aux)
 ***********
LaTeX2e <2025-11-01>
L3 programming layer <2020/03/25>
 ***********


LaTeX Font Warning: Size substitutions with differences
(Font)              up to 1.97499pt have occurred.

Package rerunfilecheck Info: File `tsfm_fisher.out' has not changed.
(rerunfilecheck)             Checksum: 211E2A484585CAF088D6670C13F65BA7;9671.
 ) 
Here is how much of TeX's memory you used:
 31991 strings out of 467525
 582570 string characters out of 5418982
 1006092 words of memory out of 5000000
 59726 multiletter control sequences out of 15000+600000
 834104 words of font info for 461 fonts, out of 8000000 for 9000
 1141 hyphenation exceptions out of 8191
 84i,13n,94p,1008b,816s stack positions out of 10000i,1000n,20000p,200000b,200000s
</usr/local/texlive/2026/texmf-dist/fonts/type1/public/newtx/NewTXMI.pfb></us
r/local/texlive/2026/texmf-dist/fonts/type1/public/newtx/NewTXMI5.pfb></usr/loc
al/texlive/2026/texmf-dist/fonts/type1/public/newtx/NewTXMI7.pfb></usr/local/te
xlive/2026/texmf-dist/fonts/type1/public/tex-gyre/qhvr.pfb></usr/local/texlive/
2026/texmf-dist/fonts/type1/public/txfonts/t1xtt.pfb></usr/local/texlive/2026/t
exmf-dist/fonts/type1/public/newtx/txexs.pfb></usr/local/texlive/2026/texmf-dis
t/fonts/type1/public/newtx/txmiaX.pfb></usr/local/texlive/2026/texmf-dist/fonts
/type1/public/newtx/txsym.pfb></usr/local/texlive/2026/texmf-dist/fonts/type1/p
ublic/newtx/txsys.pfb></usr/local/texlive/2026/texmf-dist/fonts/type1/public/ne
wtx/ztmb.pfb></usr/local/texlive/2026/texmf-dist/fonts/type1/public/newtx/ztmr.
pfb></usr/local/texlive/2026/texmf-dist/fonts/type1/public/newtx/ztmri.pfb>
Output written on tsfm_fisher.pdf (21 pages, 2363172 bytes).
PDF statistics:
 748 PDF objects out of 1000 (max. 8388607)
 666 compressed objects within 7 object streams
 175 named destinations out of 1000 (max. 500000)
 88883 words of extra memory for PDF output out of 89155 (max. 10000000)

